Employee Code,Employee Name,Date of Birth,Division,Department,Job Title,Band,Location,Date of Joining,Date In Current Role,Last Promotion Date,Manager Employee Code,Employment Status,Exit Date,Last Rating,Potential,Skills,Email
EMP10748,Anamika Batta,08-Dec-1985,Regulatory,Regulatory CMC,"Executive, Regulatory CMC",E1,Pune,10-12-2016,2022-04-29,29-04-2022,EMP10723,Active,,3 - Meets,P1,ANDA Filings | Labelling Compliance | eCTD Publishing | US FDA Liaison,anamika.batta@example-pharma.test
EMP10789,Chaitanya Srinivasan,1987-05-22,Regulatory,Regulatory Operations,"Executive, Regulatory Operations",E1,Hyderabad,29-Sep-2025,14-Jan-2026,14/01/2026,EMP10706,Active,,3 - Meets,Well placed,ANDA Filings | Labelling Compliance | US FDA Liaison,chaitanya.srinivasan@example-pharma.test
EMP10674,Rajata Dutta,17-11-1985,R&D,IP & Patents,"Executive, IP & Patents",E1,Ahmedabad,19-Feb-2025,25-03-2026,19-02-2025,EMP10549,Active,,4 - Exceeds,Growth,Process Chemistry | Formulation Development | High Performance Liquid Chromatography | Scale-up,rajata.dutta@example-pharma.test
EMP11096,Wakeeta Sharma,1986-07-08,Commercial,Marketing,"Executive, Marketing",Executive-II,Mumbai,18/02/2015,01-Jul-2025,01-07-2025,EMP11062,Active,,3 - Meets,Well placed,Pricing Strategy | CRM Analytics | Brand Strategy,wakeeta.sharma@example-pharma.test
EMP11148,Omya Seth,19-01-1981,Commercial,Marketing,"Executive, Marketing",Executive-II,Mumbai,11-Apr-2022,28/09/2024,11/04/2022,EMP11062,Active,,5 - Outstanding,Well placed,Pricing Strategy | Brand Strategy | Market Access,omya.seth@example-pharma.test
EMP11062,Yatin Uppal,14-Nov-1985,Commercial,Marketing,"Senior Executive, Marketing",E2,Mumbai,2017-05-17,27-02-2023,17-05-2017,EMP11051,Active,,4 - Exceeds,Well placed,Key Account Management | CRM Analytics | Pricing Strategy | Tender Management,yatin.uppal@example-pharma.test
EMP10312,Liam Kant,29-Jan-1989,Manufacturing,Engineering,"Senior Executive, Engineering",E2,Pune,07-07-2021,31/10/2023,07-07-2021,EMP10286,Active,,3 - Meets,P1,Lean Manufacturing | Aseptic Processing | Tech Transfer | Good Manufacturing Practice auditing,liam.kant@example-pharma.test
EMP11084,Bhavika Puri,20-03-1989,Commercial,Sales,"Senior Executive, Sales",Executive-I,Bengaluru,12/10/2018,2021-12-20,2021-12-20,EMP11055,Active,,4 - Exceeds,P1,Pricing Strategy | Tender Management | CRM Analytics,bhavika.puri@example-pharma.test
EMP11114,Dominic Nagy,31-Aug-1982,Commercial,Sales,"Executive, Sales",E1,Bengaluru,2026-02-03,20-04-2026,20/04/2026,EMP11084,Active,,3 - Meets,P3,CRM Analytics | Pricing Strategy | Market Access | Brand Strategy,dominic.nagy@example-pharma.test
EMP10688,Harrison Mall,1985-12-31,Regulatory,Regulatory Operations,"Head of Regulatory CMC, Pune",M4,Pune,06-12-2014,2021-05-04,2021-05-04,EMP10682,Active,,3 - Meets,Growth,US FDA Liaison | EU MDR | eCTD Publishing | Abbreviated New Drug Application,harrison.mall@example-pharma.test
EMP10368,  WAKEETA BHARDWAJ ,26-May-1986,Manufacturing,Sterile Fill-Finish,"Executive, Sterile Fill-Finish",E1,Visakhapatnam,09/03/2024,2026-01-02,2026-01-02,EMP10319,Active,,4 - Exceeds,Well placed,Good Manufacturing Practice auditing | Shop Floor Scheduling,wakeeta.bhardwaj@example-pharma.test
EMP10871,Jacob Talwar,19/09/1980,Clinical,Clinical Operations,"Executive, Clinical Operations",E1,Visakhapatnam,15-Oct-2021,05-Jan-2026,2026-01-05,EMP10844,Active,,2 - Partially Meets,Growth,PV | GCP Auditing | Medical Writing,jacob.talwar@example-pharma.test
EMP10691,Harinakshi Mody,26-Jan-1978,Regulatory,Labelling,Regulatory Operations Lead,M4,Hyderabad,02/05/2024,15-Jan-2025,2024-05-02,EMP10682,Active,,4 - Exceeds,Well placed,Abbreviated New Drug Application | EU MDR | US FDA Liaison | eCTD Publishing,harinakshi.mody@example-pharma.test
EMP10231,Kabir Chandran,1985-06-05,Quality,Quality Systems,"Executive, Quality Systems",E1,Bengaluru,25-06-2020,2023-05-21,21-05-2023,EMP10102,Active,,4 - Exceeds,Growth,Method Validation | GMP Auditing,kabir.chandran@example-pharma.test
EMP10049,Gauri Vora,12-12-1987,Quality,Quality Systems,"Senior Executive, Quality Systems",E2,Visakhapatnam,25/11/2018,17-Oct-2024,25/11/2018,EMP10019,Active,,5 - Outstanding,Well placed,Batch Record Review | Method Validation,gauri.vora@example-pharma.test
EMP10436,Nathan Bali,16-Jul-1985,Manufacturing,Sterile Fill-Finish,"Executive, Sterile Fill-Finish",E1,Pune,2021-01-19,16-Nov-2024,2024-11-16,EMP10327,Active,,3 - Meets,Well placed,Tech Transfer | Lean Manufacturing,nathan.bali@example-pharma.test
EMP10777,Yadavi Ben,11-09-1985,Regulatory,Regulatory CMC,"Executive, Regulatory CMC",Executive-II,Pune,18-04-2021,25-May-2021,18-04-2021,EMP10727,Active,,1 - Below,Ready for more,eCTD Publishing | EU MDR,yadavi.ben@example-pharma.test
EMP10921,Hemang Dutta,13-May-1981,Supply Chain,Procurement,Head of Supply Chain,M5,Mumbai,04/05/2020,26-04-2026,04-05-2020,EMP10003,Active,,4 - Exceeds,Ready for more,Demand Planning | SAP MM | Vendor Qualification,hemang.dutta@example-pharma.test
EMP10874,Michael Hayre,22-07-1983,Clinical,Clinical Operations,"Executive, Clinical Operations",E1,Baddi,22-Aug-2022,2024-03-07,22-Aug-2022,EMP10847,Notice,,4 - Exceeds,Ready for more,Clinical Trial Management | Signal Detection | Protocol Design,michael.hayre@example-pharma.test
EMP10413,Keya Konda,07-06-1978,Manufacturing,Sterile Fill-Finish,"Executive, Sterile Fill-Finish",E1,Pune,2014-08-26,26-May-2023,26-05-2023,EMP10310,Active,,3 - Meets,Well placed,Aseptic Processing | cGMP audit | Tech Transfer | Equipment Qualification,keya.konda@example-pharma.test
EMP10827,Warinder Baria,1985-03-24,Clinical,Clinical Operations,"Senior Executive, Clinical Operations",E2,Visakhapatnam,2017-12-28,14-01-2021,14-Jan-2021,EMP10818,Active,,3 - Meets,Well placed,Signal Detection | Protocol Design | GCP Auditing | Clinical Trial Management,warinder.baria@example-pharma.test
EMP10694,Kavya Chakraborty,01/03/1984,Regulatory,Regulatory CMC,"Manager, Regulatory CMC",M3,Pune,24/05/2013,27-Jul-2023,27-07-2023,EMP10684,Active,,4 - Exceeds,Growth,Regulatory Strategy | Abbreviated New Drug Application,kavya.chakraborty@example-pharma.test
EMP11079,Nicholas Lanka,03-Dec-1985,Commercial,Marketing,"Senior Executive, Marketing",E2,Visakhapatnam,2020-10-18,03/12/2025,2025-12-03,EMP11051,Active,,4 - Exceeds,Growth,Tender Management | Key Account Management | CRM Analytics | Pricing Strategy,nicholas.lanka@example-pharma.test
EMP10608,Kala Sarraf,22-05-1984,R&D,Process Chemistry,"Executive, Process Chemistry",E1,Bengaluru,29-12-2012,19-Dec-2022,29/12/2012,EMP10534,Active,,4 - Exceeds,P1,Patent Drafting | H.P.L.C. | Scale-up | Process Chemistry,kala.sarraf@example-pharma.test
EMP10408,Sanya Peri,08-02-1983,Manufacturing,Packaging,"Executive, Packaging",E1,Baddi,16-02-2017,17-05-2020,17/05/2020,EMP10355,Active,,3 - Meets,Growth,cGMP audit | Tech Transfer | Lean Manufacturing | Shop Floor Scheduling,sanya.peri@example-pharma.test
EMP10459,Priya Rama,1982-09-25,Manufacturing,OSD Production,"Executive, OSD Production",E1,hyderabad,21-Mar-2019,11-06-2021,21-Mar-2019,EMP10347,Active,,3 - Meets,Growth,GMP Auditing | Tech Transfer,priya.rama@example-pharma.test
EMP10525,Arjun Mukhopadhyay,08-Jun-1993,R&D,Formulation Development,"Manager, Formulation Development",M3,baddi,10-Sep-2022,2026-06-06,10-09-2022,EMP10500,Active,,3 - Meets,Growth,Process Chemistry | Method Validation,arjun.mukhopadhyay@example-pharma.test
EMP10205,Turvi Minhas,05-Sep-1978,Quality,Quality Systems,"Executive, Quality Systems",Executive-II,Ahmedabad,07-Oct-2022,09-Jan-2024,09-01-2024,EMP10072,Active,,2 - Partially Meets,Growth,Good Manufacturing Practice auditing | Stability Studies | Batch Record Review,turvi.minhas@example-pharma.test
EMP11059,  BHANUMATI GROVER ,10-Dec-1986,Commercial,Sales,"Senior Executive, Sales",E2,Bengaluru,2019-01-14,29/10/2019,2019-10-29,EMP11047,Active,,4 - Exceeds,Ready for more,Tender Management | Brand Strategy,bhanumati.grover@example-pharma.test
EMP10365,Rohan Sodhi,17-Jan-1987,Manufacturing,Engineering,"Executive, Engineering",E1,Pune,10-Oct-2018,26-06-2023,26-06-2023,EMP10312,Active,,3 - Meets,P2,Equipment Qualification | Tech Transfer | Granulation,rohan.sodhi@example-pharma.test
EMP10433,Hemal Prabhakar,11-01-1980,Manufacturing,OSD Production,"Executive, OSD Production",Executive-II,Hyderabad,22/10/2018,23-08-2024,22-10-2018,EMP10324,Active,,4 - Exceeds,Growth,Tech Transfer | Good Manufacturing Practice auditing,hemal.prabhakar@example-pharma.test
EMP11192,Anjali Dar,06/01/1989,Corporate,Human Resources,"Senior Executive, Human Resources",E2,Hyderabad,19/08/2019,06/11/2020,06-Nov-2020,EMP11184,Active,,3 - Meets,Well placed,Financial Planning & Analysis | Talent Management | IT Infrastructure | Contract Law,anjali.dar@example-pharma.test
EMP10351,Deepa Bhandari,21-01-1984,Manufacturing,Sterile Fill-Finish,"Senior Executive, Sterile Fill-Finish",E2,Pune,2020-04-24,18/02/2022,18-Feb-2022,EMP10285,Active,,3 - Meets,Well placed,Equipment Qualification | Aseptic Processing | Lean Manufacturing | Granulation,deepa.bhandari@example-pharma.test
EMP10834,Rachit Mitra,18-07-1982,Clinical,Medical Affairs,"Senior Executive, Medical Affairs",Executive-I,Hyderabad,23-11-2023,04-10-2024,04-10-2024,EMP10824,Active,,5 - Outstanding,Growth,GCP Auditing | Clinical Trial Management | pharmacovigilence,rachit.mitra@example-pharma.test
EMP10127,Vidhi Kunda,1987-04-19,Quality,QA Compliance,"Executive, QA Compliance",E1,Hyderabad,06-04-2020,2024-05-20,06-04-2020,EMP10060,Active,,4 - Exceeds,Well placed,Method Validation | GMP audits,vidhi.kunda@example-pharma.test
EMP10161,Sai Gola,23/07/1986,Quality,QA Compliance,"Executive, QA Compliance",E1,Bengaluru,27-09-2023,2024-04-11,2024-04-11,EMP10095,Active,,3 - Meets,Ready for more,HPLC method dev | CSV | Deviation Management,sai.gola@example-pharma.test
EMP10494,Imaran Sidhu,1987-07-27,Manufacturing,OSD Production,"Executive, OSD Production",E1,Hyderabad,08/02/2023,24/11/2025,08-02-2023,EMP10335,Active,,2 - Partially Meets,Growth,Lean Manufacturing | Equipment Qualification | Granulation | Tech Transfer,imaran.sidhu@example-pharma.test
EMP10864,Urishilla Kar,1984-06-09,Clinical,Clinical Operations,"Executive, Clinical Operations",Executive-II,hyderabad,27/11/2020,2023-04-17,17-04-2023,EMP10837,Active,,3 - Meets,Growth,GCP Auditing | Protocol Design | pharmacovigilence,urishilla.kar@example-pharma.test
EMP10491,Raagini Shere,03/05/1984,Manufacturing,Engineering,"Executive, Engineering",E1,Pune,29-06-2021,2023-09-08,29-Jun-2021,EMP10331,Active,,4 - Exceeds,Growth,Equipment Qualification | Lean Manufacturing | Tech Transfer,raagini.shere@example-pharma.test
EMP10704,Balendra Brar,12-Mar-1988,Regulatory,Regulatory CMC,"Senior Executive, Regulatory CMC",Executive-I,Ahmedabad,2015-11-18,30-05-2024,30-05-2024,EMP10694,Active,,3 - Meets,Growth,EU MDR | US FDA Liaison | ANDA filing,balendra.brar@example-pharma.test
EMP10630,Yauvani Sampath,1983-01-14,R&D,Process Chemistry,"Executive, Process Chemistry",E1,Bengaluru,02/03/2018,11-02-2023,02-03-2018,EMP10548,Active,,3 - Meets,Ready for more,Design of Experiments | Patent Drafting | Formulation Development | Method Validation,yauvani.sampath@example-pharma.test
EMP10133,Pallavi Gandhi,1980-02-21,Quality,QA Compliance,"Executive, QA Compliance",E1,Baddi,2014-10-25,04/12/2019,2019-12-04,EMP10068,Active,,3 - Meets,P2,cGMP audit | capa closure | Deviation Management | Method Validation,pallavi.gandhi@example-pharma.test
EMP11005,Zilmil Narasimhan,25-Sep-1984,Supply Chain,Planning,"Executive, Planning",E1,Ahmedabad,2018-07-03,2024-03-20,2024-03-20,EMP10951,Active,,3 - Meets,Well placed,SAP MM | Inventory Optimisation,zilmil.narasimhan@example-pharma.test
EMP10978,Bhanumati Misra,24/09/1980,Supply Chain,Procurement,"Executive, Procurement",E1,ahmedabad,09-01-2026,19-06-2026,2026-06-19,EMP10947,Active,,3 - Meets,Well placed,Vendor Qualification | SAP MM | Serialisation | Inventory Optimisation,bhanumati.misra@example-pharma.test
EMP10597,Oviya Bose,1984-07-30,R&D,Analytical R&D,"Executive, Analytical R&D",E1,Mumbai,26-Apr-2024,2024-10-17,17/10/2024,EMP10561,Active,,3 - Meets,Well placed,Patent Drafting | Method Validation | Process Chemistry | Design of Experiments,oviya.bose@example-pharma.test
EMP10445,Yashvi Sawhney,15-Oct-1986,,OSD Production,"Executive, OSD Production",E1,Hyderabad,14-Jun-2025,2026-03-24,24/03/2026,EMP10335,Active,,5 - Outstanding,P1,Shop Floor Scheduling | Granulation | GMP audits,yashvi.sawhney@example-pharma.test
EMP10019,Devansh Contractor,11/12/1986,Quality,Quality Systems,"Manager, Quality Systems",M3,Bengaluru,04/08/2017,26-06-2023,04-Aug-2017,EMP10008,Active,,3 - Meets,Growth,Batch Record Review | Stability Studies | hplc analysis | Computer System Validation,devansh.contractor@example-pharma.test
EMP11221,Arin Kohli,01/02/1979,,Finance,"Executive, Finance",E1,Ahmedabad,2022-02-14,2024-01-24,24-Jan-2024,EMP11203,Active,,3 - Meets,Ready for more,Talent Management | Contract Law | Financial Planning & Analysis | Data Privacy,arin.kohli@example-pharma.test
EMP10897,Saumya Date,24-Mar-1986,Clinical,Medical Affairs,"Executive, Medical Affairs",E1,Baddi,10/12/2015,28-04-2022,28-Apr-2022,EMP10842,Active,,4 - Exceeds,Well placed,Signal Detection | pharmacovigilence,saumya.date@example-pharma.test
EMP10484,Vanya Chander,25/04/1980,Manufacturing,OSD Production,"Executive, OSD Production",E1,Hyderabad,21-09-2022,08/05/2024,2024-05-08,EMP10324,Active,,3 - Meets,Growth,cGMP audit | Equipment Qualification,vanya.chander@example-pharma.test
EMP11239,Radha Kapadia,1980-02-05,Corporate,Human Resources,"Executive, Human Resources",E1,Hyderabad,2025-04-08,30-07-2025,08-Apr-2025,EMP11209,Active,,3 - Meets,P3,Contract Law | Data Privacy | IT Infrastructure,radha.kapadia@example-pharma.test
EMP10503,  SACHI PATHAK ,11/10/1981,R&D,Analytical R&D,"Head of Analytical R&D, Mumbai",Manager-I,mumbai,2013-01-24,30-May-2022,24/01/2013,EMP10499,Active,,3 - Meets,Well placed,Method Validation | H.P.L.C. | Patent Drafting | Scale-up,sachi.pathak@example-pharma.test
EMP10916,Indrajit Thaker,24-Aug-1980,Clinical,Clinical Operations,"Executive, Clinical Operations",Executive-II,hyderabad,2013-02-17,16-Jul-2022,16-07-2022,EMP10837,Active,,4 - Exceeds,Growth,GCP Auditing | Pharmacovigilance | Clinical Trial Management,indrajit.thaker@example-pharma.test
EMP10884,Amol Sastry,1986-03-03,Clinical,Pharmacovigilance,"Executive, Pharmacovigilance",E1,Visakhapatnam,17-12-2016,2020-03-26,26/03/2020,EMP10831,Active,,4 - Exceeds,P1,Clinical Trial Management | Protocol Design | Medical Writing | GCP Auditing,amol.sastry@example-pharma.test
EMP10200,Vihaan Mitra,09/09/1983,Quality,QA Compliance,"Executive, QA Compliance",E1,Bengaluru,20-03-2025,2026-01-23,23-Jan-2026,EMP10068,Active,,4 - Exceeds,Ready for more,Deviation Management | HPLC method dev,vihaan.mitra@example-pharma.test
EMP10667,Falguni Aurora,1981-06-26,R&D,Formulation Development,"Executive, Formulation Development",E1,Baddi,22/10/2018,2024-09-30,30-09-2024,EMP10543,Active,,3 - Meets,P2,Scale-up | Design of Experiments | High Performance Liquid Chromatography,falguni.aurora@example-pharma.test
EMP10460,Baghyawati Dugar,13-Aug-1985,Manufacturing,Sterile Fill-Finish,"Executive, Sterile Fill-Finish",E1,Pune,04-Apr-2016,03/12/2022,03-12-2022,EMP10351,Active,,4 - Exceeds,Well placed,Lean Manufacturing | Shop Floor Scheduling | GMP audits,baghyawati.dugar@example-pharma.test
EMP10698,Ekansh Kaul,03-Sep-1993,Regulatory,Regulatory Operations,"Manager, Regulatory Operations",M3,Hyderabad,06-Dec-2018,13/01/2026,2026-01-13,EMP10688,Active,,3 - Meets,P2,US FDA Liaison | Labelling Compliance,ekansh.kaul@example-pharma.test
EMP10627,Christopher Mann,04-Feb-1981,R&D,Analytical R&D,"Executive, Analytical R&D",Executive-II,Mumbai,25-Aug-2025,01-Jun-2026,01-Jun-2026,EMP10544,Active,,3 - Meets,Growth,Scale-up | Process Chemistry,christopher.mann@example-pharma.test
EMP10437,Gavin Prabhakar,15-10-1981,Manufacturing,Engineering,"Executive, Engineering",E1,Hyderabad,2024-05-19,21-Nov-2024,19-May-2024,EMP10331,Active,,3 - Meets,P1,Lean Manufacturing | Aseptic Processing | Granulation,gavin.prabhakar@example-pharma.test
EMP10852,Geetika Choudhry,1983-04-23,Clinical,Clinical Operations,"Executive, Clinical Operations",E1,Visakhapatnam,2023-07-21,16-Oct-2024,21-07-2023,EMP10827,Active,,4 - Exceeds,Well placed,Pharmaco-vigilance | GCP Auditing | Medical Writing | Clinical Trial Management,geetika.choudhry@example-pharma.test
EMP10517,Maanav Dhawan,1987-12-13,R&D,Analytical R&D,"Manager, Analytical R&D",M3,Mumbai,17-12-2022,12-01-2024,12-Jan-2024,EMP10503,Active,,3 - Meets,Well placed,Design of Experiments | Process Chemistry,maanav.dhawan@example-pharma.test
EMP10731,Chakradev Tata,07/05/1978,Regulatory,Regulatory CMC,"Executive, Regulatory CMC",Executive-II,Ahmedabad,11-09-2017,01/07/2020,01-07-2020,EMP10704,Active,,4 - Exceeds,Well placed,US FDA Liaison | Labelling Compliance | EU MDR | Abbreviated New Drug Application,chakradev.tata@example-pharma.test
EMP11168,Tejas Gopal,30-03-1985,Commercial,Sales,"Executive, Sales",E1,Bengaluru,01-03-2020,2020-09-05,05-09-2020,EMP11084,Active,,3 - Meets,Growth,Market Access | Pricing Strategy,tejas.gopal@example-pharma.test
EMP11026,Rachana De,20-04-1978,Supply Chain,Procurement,"Executive, Procurement",E1,Hyderabad,23/12/2015,28/03/2025,23/12/2015,EMP10947,Active,,1 - Below,P1,Demand Planning | Cold Chain Logistics,rachana.de@example-pharma.test
EMP10623,Dakshesh Konda,1979-01-13,R&D,Formulation Development,"Executive, Formulation Development",E1,Baddi,03/05/2025,29-06-2025,29/06/2025,EMP10543,Active,,4 - Exceeds,P1,Method Validation | Patent Drafting,dakshesh.konda@example-pharma.test
EMP10893,Mahika Hegde,11/07/1987,Clinical,Clinical Operations,"Executive, Clinical Operations",E1,Hyderabad,01-Dec-2025,10/04/2026,2025-12-01,EMP10837,Active,,5 - Outstanding,Ready for more,Clinical Trial Management | GCP Auditing,mahika.hegde@example-pharma.test
EMP11195,Jatin Pillay,11-05-1987,Corporate,Finance,"Senior Executive, Finance",E2,Ahmedabad,15/06/2016,06-May-2022,2022-05-06,EMP11187,Active,,5 - Outstanding,P2,Contract Law | Financial Planning & Analysis,jatin.pillay@example-pharma.test
EMP10315,Faraj Mane,1980-11-28,Manufacturing,OSD Production,"Senior Executive, OSD Production",E2,Hyderabad,08-Oct-2018,08-Jan-2021,2021-01-08,EMP10294,Active,,4 - Exceeds,P1,Equipment Qualification | Granulation | Lean Manufacturing | Aseptic Processing,faraj.mane@example-pharma.test
EMP11010,Akshay Badal,1986-02-07,Supply Chain,Procurement,"Executive, Procurement",E1,hyderabad,2024-11-19,03-Sep-2025,03-Sep-2025,EMP10957,Active,,3 - Meets,Well placed,demand planning | Serialisation,akshay.badal@example-pharma.test
EMP11240,Faqid Pandya,07-12-1980,,Finance,"Executive, Finance",E1,Ahmedabad,07-Jul-2020,19-Jul-2020,19-Jul-2020,EMP11212,Active,,3 - Meets,Well placed,Financial Planning & Analysis | Contract Law | Data Privacy | IT Infrastructure,faqid.pandya@example-pharma.test
EMP10753,Maanav Kibe,01/08/1980,Regulatory,Regulatory Operations,"Executive, Regulatory Operations",E1,hyderabad,29/03/2018,2025-09-07,29-Mar-2018,EMP10730,Active,,5 - Outstanding,Well placed,EU MDR | Labelling Compliance | eCTD Publishing | US FDA Liaison,maanav.kibe@example-pharma.test
EMP11154,  KRISHA SHA ,06-06-1984,Commercial,Marketing,"Executive, Marketing",E1,Pune,02-Jan-2020,28-May-2025,28/05/2025,EMP11071,Active,,4 - Exceeds,Well placed,Pricing Strategy | CRM Analytics,krisha.sha@example-pharma.test
EMP11075,Vincent Konda,1986-02-09,Commercial,Sales,"Senior Executive, Sales",E2,Bengaluru,02-06-2015,30/08/2019,2019-08-30,EMP11047,Active,,4 - Exceeds,Well placed,Tender Management | Brand Strategy | Market Access | CRM Analytics,vincent.konda@example-pharma.test
EMP11030,Zayyan Gandhi,10-May-1987,Supply Chain,Planning,"Executive, Planning",E1,Ahmedabad,13-Jun-2017,04-Mar-2020,2017-06-13,EMP10951,Active,,3 - Meets,Growth,Cold Chain Logistics | demand planning | Serialisation | Inventory Optimisation,zayyan.gandhi@example-pharma.test
EMP10270,Zinal Buch,24/09/1975,Manufacturing,OSD Production,Head of Manufacturing,M5,Mumbai,18-Feb-2018,16/04/2026,16/04/2026,EMP10003,Active,,2 - Partially Meets,Growth,Granulation | Shop Floor Scheduling | GMP Auditing,zinal.buch@example-pharma.test
EMP10129,Yutika Setty,1979-01-11,Quality,QC Analytical,"Executive, QC Analytical",E1,Pune,2025-12-15,20/05/2026,2025-12-15,EMP10064,Active,,3 - Meets,Well placed,CSV | Method Validation | H.P.L.C. | Deviation Management,yutika.setty@example-pharma.test
EMP10909,Pranit Ray,26-03-1987,Clinical,Clinical Operations,"Executive, Clinical Operations",E1,Visakhapatnam,15-Jul-2014,09-Oct-2025,09/10/2025,EMP10827,Active,,5 - Outstanding,Well placed,Protocol Design | GCP Auditing | Clinical Trial Management,pranit.ray@example-pharma.test
EMP10741,Lucky Bhalla,1980-05-13,Regulatory,Regulatory CMC,"Executive, Regulatory CMC",E1,Pune,27-Jul-2014,17-09-2024,17-Sep-2024,EMP10715,Active,,3 - Meets,P2,Labelling Compliance | ANDA filing,lucky.bhalla@example-pharma.test
EMP10751,Reyansh Butala,18/09/1979,Regulatory,Regulatory CMC,"Executive, Regulatory CMC",E1,Pune,2012-10-30,05-Dec-2023,2023-12-05,EMP10727,Active,,3 - Meets,Well placed,US FDA Liaison | EU MDR | ANDA Filings,reyansh.butala@example-pharma.test
EMP10804,Akshay Bala,1985-04-17,Regulatory,Labelling,"Executive, Labelling",E1,Hyderabad,2015-10-25,2020-09-25,25/10/2015,EMP10720,Active,,3 - Meets,Ready for more,Labelling Compliance | EU MDR | US FDA Liaison | eCTD Publishing,akshay.bala@example-pharma.test
EMP10601,Joshua Pandey,27/04/1982,R&D,IP & Patents,"Executive, IP & Patents",E1,Ahmedabad,24-Oct-2018,16-08-2019,2018-10-24,EMP10565,Active,,2 - Partially Meets,Growth,Design of Experiments | Formulation Development | hplc analysis,joshua.pandey@example-pharma.test
EMP10362,Warinder Kibe,03-Nov-1977,Manufacturing,Sterile Fill-Finish,"Executive, Sterile Fill-Finish",Executive-II,Pune,07-Apr-2023,07-Jan-2026,07/01/2026,EMP10310,Active,,3 - Meets,P1,Shop Floor Scheduling | Aseptic Processing,warinder.kibe@example-pharma.test
EMP10756,Alexander Pillai,17-Aug-1979,Regulatory,Regulatory CMC,"Executive, Regulatory CMC",E1,Ahmedabad,2014-03-22,2019-11-21,21/11/2019,EMP10704,Active,,4 - Exceeds,Well placed,US FDA Liaison | Labelling Compliance,alexander.pillai@example-pharma.test
EMP10951,Abeer Chad,27/09/1986,Supply Chain,Planning,"Senior Executive, Planning",Executive-I,Ahmedabad,22/12/2014,2020-11-29,22-Dec-2014,EMP10931,Active,,4 - Exceeds,P1,Serialisation | Inventory Optimisation,abeer.chad@example-pharma.test
EMP10261,Ria Modi,1982-05-17,Quality,QC Analytical,"Executive, QC Analytical",Executive-II,Pune,2019-01-04,12/04/2021,12-04-2021,EMP10071,Active,,4 - Exceeds,P1,Stability Studies | cGMP audit | Method Validation | Batch Record Review,ria.modi@example-pharma.test
EMP10024,Samesh Kohli,25-09-1991,Quality,QA Compliance,"Manager, QA Compliance",M3,Bengaluru,24-Mar-2025,01-06-2025,01-06-2025,EMP10006,Notice,,4 - Exceeds,Ready for more,GMP Auditing | Deviation Management | Stability Studies | Method Validation,samesh.kohli@example-pharma.test
EMP10068,Hredhaan Das,15/04/1984,Quality,QA Compliance,"Senior Executive, QA Compliance",E2,bengaluru,08-Mar-2024,10-Jun-2025,2025-06-10,EMP10013,Active,,4 - Exceeds,Well placed,Good Manufacturing Practice auditing | HPLC method dev,hredhaan.das@example-pharma.test
EMP10322,Harinakshi Deshpande,1985-09-11,Manufacturing,Packaging,"Senior Executive, Packaging",E2,Visakhapatnam,25/03/2024,15-Jun-2024,25-Mar-2024,EMP10301,Active,,3 - Meets,P3,Equipment Qualification | Shop Floor Scheduling,harinakshi.deshpande@example-pharma.test
EMP10455,Tripti Singhal,07-07-1986,Manufacturing,OSD Production,"Executive, OSD Production",E1,Hyderabad,29-Jan-2020,09/01/2021,2021-01-09,EMP10345,Active,,3 - Meets,Growth,cGMP audit | Tech Transfer | Aseptic Processing,tripti.singhal@example-pharma.test
EMP11205,Mohammed Sridhar,02-Aug-1987,Corporate,IT,"Senior Executive, IT",E2,Bengaluru,31/03/2025,08-Feb-2026,08/02/2026,EMP11190,Active,,3 - Meets,Well placed,Data Privacy | Talent Management | SAP FICO,mohammed.sridhar@example-pharma.test
EMP10635,Baghyawati Warrior,22/02/1979,R&D,Formulation Development,"Executive, Formulation Development",E1,Baddi,12-Sep-2015,17/11/2023,17-11-2023,EMP10551,Active,,5 - Outstanding,Well placed,Patent Drafting | hplc analysis | Formulation Development | Method Validation,baghyawati.warrior@example-pharma.test
EMP10298,Isha Shroff,31-Oct-1988,Manufacturing,Sterile Fill-Finish,"Manager, Sterile Fill-Finish",Manager-II,Visakhapatnam,24-05-2024,31/03/2026,24-05-2024,EMP10274,Active,,4 - Exceeds,Growth,Shop Floor Scheduling | Granulation,isha.shroff@example-pharma.test
EMP10735,Pooja Vohra,05-Nov-1982,Regulatory,Regulatory Operations,"Executive, Regulatory Operations",E1,hyderabad,02-12-2019,11/03/2020,11-Mar-2020,EMP10706,Active,,3 - Meets,Growth,EU MDR | US FDA Liaison | Regulatory Strategy,pooja.vohra@example-pharma.test
EMP10285,Hiral Nanda,07/07/1984,Manufacturing,Sterile Fill-Finish,"Manager, Sterile Fill-Finish",Manager-II,Pune,2020-03-01,2021-09-12,12-09-2021,EMP10274,Active,,4 - Exceeds,Ready for more,GMP audits | Lean Manufacturing | Shop Floor Scheduling | Equipment Qualification,hiral.nanda@example-pharma.test
EMP10125,Darika Sharaf,19-Sep-1980,Quality,Validation,"Executive, Validation",Executive-II,Hyderabad,10/03/2017,23-May-2023,23/05/2023,EMP10059,Active,,3 - Meets,Well placed,Stability Studies | Deviation Management,darika.sharaf@example-pharma.test
EMP11223,Amaira Lal,22-Apr-1981,Corporate,Human Resources,"Executive, Human Resources",E1,Hyderabad,12-12-2023,2024-02-27,27-Feb-2024,EMP11209,Active,,3 - Meets,P2,Financial Planning & Analysis | SAP FICO | Contract Law,amaira.lal@example-pharma.test
EMP10040,Samarth Bajaj,16/09/1990,Quality,QC Analytical,"Manager, QC Analytical",M3,Pune,2019-08-04,17/09/2025,04-Aug-2019,EMP10007,Active,,4 - Exceeds,P1,CAPA | Deviation Management | Method Validation | CSV,samarth.bajaj@example-pharma.test
EMP10242,Vasana Kanda,15-Feb-1981,Quality,Validation,"Executive, Validation",E1,Hyderabad,25/08/2013,2024-03-26,25-08-2013,EMP10053,Active,,4 - Exceeds,Well placed,CSV (21 CFR Part 11) | Batch Record Review,vasana.kanda@example-pharma.test
EMP10083,Hemang Samra,20/02/1988,Quality,Quality Systems,"Senior Executive, Quality Systems",E2,Bengaluru,05/08/2017,26-Aug-2023,2023-08-26,EMP10032,Active,,3 - Meets,Well placed,Method Validation | HPLC method dev,hemang.samra@example-pharma.test
EMP10427,  YATIN BARAL ,01-02-1986,Manufacturing,Engineering,"Executive, Engineering",Executive-II,Pune,24/12/2018,04-11-2019,04/11/2019,EMP10321,Active,,4 - Exceeds,Well placed,Tech Transfer | Shop Floor Scheduling,yatin.baral@example-pharma.test
EMP10406,Ekantika Bhatnagar,11-04-1978,Manufacturing,Engineering,"Executive, Engineering",Executive-II,Pune,03-06-2021,22-Mar-2023,03-Jun-2021,EMP10353,Active,,3 - Meets,Well placed,Tech Transfer | Shop Floor Scheduling | Equipment Qualification,ekantika.bhatnagar@example-pharma.test
EMP10290,Kalpit Hora,13-Jun-1989,Manufacturing,Packaging,"Manager, Packaging",M3,Baddi,2022-10-28,12-Jun-2025,12-06-2025,EMP10279,Active,,3 - Meets,Well placed,Shop Floor Scheduling | Tech Transfer | Lean Manufacturing | Granulation,kalpit.hora@example-pharma.test
EMP10202,Ranbir Sha,30-Apr-1978,Quality,QC Analytical,"Executive, QC Analytical",E1,Pune,2021-01-11,31-08-2023,31/08/2023,EMP10071,Active,,4 - Exceeds,Well placed,CAPA | Computer System Validation,ranbir.sha@example-pharma.test
EMP10682,Isha Dass,1976-05-29,Regulatory,Regulatory CMC,Head of Regulatory,M5,Baddi,2014-01-02,2025-03-25,25-03-2025,EMP10003,Active,,3 - Meets,Well placed,eCTD Publishing | Labelling Compliance | ANDA Filings,isha.dass@example-pharma.test
EMP10657,Aarav Barman,11-Nov-1981,R&D,Analytical R&D,"Executive, Analytical R&D",E1,Mumbai,09-Feb-2020,11-08-2022,2022-08-11,EMP10531,Active,,3 - Meets,Well placed,High Performance Liquid Chromatography | Patent Drafting | Scale-up | Method Validation,aarav.barman@example-pharma.test
EMP10181,Ishwar Soni,1985-05-08,Quality,Quality Systems,"Executive, Quality Systems",E1,Visakhapatnam,02-02-2024,29/07/2024,29-Jul-2024,EMP10049,Active,,3 - Meets,Well placed,Batch Record Review | High Performance Liquid Chromatography,ishwar.soni@example-pharma.test
EMP10430,Nachiket Jani,31/10/1981,Manufacturing,Packaging,"Executive, Packaging",E1,visakhapatnam,17-Jul-2023,24-04-2025,24/04/2025,EMP10322,Active,,5 - Outstanding,Growth,Granulation | Tech Transfer | Shop Floor Scheduling,nachiket.jani@example-pharma.test
EMP10891,Jagdish Rai,17-05-1983,Clinical,Clinical Operations,"Executive, Clinical Operations",E1,Visakhapatnam,2016-05-14,28/08/2023,28-08-2023,EMP10836,Active,,4 - Exceeds,P1,PV | Clinical Trial Management | Protocol Design,jagdish.rai@example-pharma.test
EMP11007,Peter Maharaj,25-01-1987,Supply Chain,Warehouse & Distribution,"Executive, Warehouse & Distribution",E1,Hyderabad,19-06-2019,2022-09-13,13/09/2022,EMP10955,Active,,3 - Meets,Ready for more,Inventory Optimisation | Demand Planning | Serialisation,peter.maharaj@example-pharma.test
EMP10452,Falak Badami,02/10/1983,Manufacturing,Packaging,"Executive, Packaging",E1,Baddi,14-02-2024,09-Sep-2025,09/09/2025,EMP10343,Active,,3 - Meets,Well placed,Shop Floor Scheduling | Tech Transfer | Aseptic Processing | GMP audits,falak.badami@example-pharma.test
EMP10495,Lajita Master,19/10/1983,Manufacturing,Sterile Fill-Finish,"Executive, Sterile Fill-Finish",E1,Visakhapatnam,27-05-2019,18-02-2021,18-02-2021,EMP10338,Active,,4 - Exceeds,Well placed,GMP audits | Tech Transfer | Lean Manufacturing,lajita.master@example-pharma.test
EMP10534,Edhitha Kaul,17-Jan-1990,R&D,Process Chemistry,"Senior Executive, Process Chemistry",E2,Bengaluru,19-09-2018,22-08-2021,22-08-2021,EMP10521,Active,,2 - Partially Meets,Well placed,Design of Experiments | Process Chemistry | Patent Drafting | hplc analysis,edhitha.kaul@example-pharma.test
EMP10775,Viraj Desai,06-07-1984,Regulatory,Regulatory CMC,"Executive, Regulatory CMC",E1,Pune,16-07-2015,04/11/2020,04-11-2020,EMP10723,Active,,4 - Exceeds,Ready for more,Abbreviated New Drug Application | eCTD Publishing | Labelling Compliance,viraj.desai@example-pharma.test
EMP10262,Anika Khanna,09-04-1985,Quality,Quality Systems,"Executive, Quality Systems",E1,Bengaluru,2017-06-01,2020-04-25,01/06/2017,EMP10072,Active,,3 - Meets,P1,High Performance Liquid Chromatography | Method Validation | Corrective and Preventive Action,anika.khanna@example-pharma.test
EMP11219,Logan Agrawal,30-Jun-1987,,Human Resources,"Executive, Human Resources",E1,hyderabad,15/01/2015,2020-07-18,2020-07-18,EMP11200,Active,,3 - Meets,Growth,Financial Planning & Analysis | Data Privacy | Talent Management | Contract Law,logan.agrawal@example-pharma.test
EMP10737,Mason Kalla,1985-12-14,Regulatory,Labelling,"Executive, Labelling",Executive-II,Hyderabad,05-Mar-2022,10-10-2025,10/10/2025,EMP10709,Active,,4 - Exceeds,Well placed,Regulatory Strategy | US FDA Liaison | eCTD Publishing | EU MDR,mason.kalla@example-pharma.test
EMP10923,Jyoti Das,15-06-1984,Supply Chain,Procurement,"Head of Supply Chain, Baddi",M4,Baddi,12-Jul-2025,24-02-2026,24/02/2026,EMP11036,Active,,4 - Exceeds,Ready for more,Cold Chain Logistics | Inventory Optimisation | Serialisation | Vendor Qualification,jyoti.das@example-pharma.test
EMP11151,Charan Saran,09-03-1986,Commercial,Market Access,"Executive, Market Access",E1,Bengaluru,14/11/2015,21-01-2022,21-01-2022,EMP11065,Active,,2 - Partially Meets,Well placed,CRM Analytics | Pricing Strategy | Tender Management,charan.saran@example-pharma.test
EMP10277,Abhimanyu Khalsa,23/11/1977,Manufacturing,Engineering,"Head of Engineering, Pune",M4,Pune,19-Nov-2016,01/04/2025,2025-04-01,EMP10270,Active,,5 - Outstanding,Ready for more,Tech Transfer | GMP Auditing | Shop Floor Scheduling | Equipment Qualification,abhimanyu.khalsa@example-pharma.test
EMP10343,Vanya Chad,29/03/1989,Manufacturing,Packaging,"Senior Executive, Packaging",E2,Baddi,2012-11-30,2026-01-01,01-01-2026,EMP10301,Active,,3 - Meets,Well placed,cGMP audit | Aseptic Processing | Granulation,vanya.chad@example-pharma.test
EMP10007,Darpan Varma,14/12/1983,Quality,QC Analytical,"Head of QC, Pune",M4,pune,19-12-2012,30/09/2020,19-12-2012,EMP10004,Active,,3 - Meets,Well placed,CSV (21 CFR Part 11) | Good Manufacturing Practice auditing | Method Validation | Deviation Management,darpan.varma@example-pharma.test
EMP10008,Max Walla,1976-07-14,Quality,Quality Systems,"Head of Quality Systems, Bengaluru",M4,Bengaluru,2018-06-08,21-10-2022,2022-10-21,EMP10004,Active,,3 - Meets,Ready for more,HPLC | Method Validation | CSV (21 CFR Part 11) | Stability Studies,max.walla@example-pharma.test
EMP10529,Ethan Bakshi,15-Feb-1986,R&D,Formulation Development,"Senior Executive, Formulation Development",E2,Baddi,2013-10-09,30-Jan-2023,30-01-2023,EMP10514,Active,,4 - Exceeds,Growth,Formulation Development | Process Chemistry,ethan.bakshi@example-pharma.test
EMP11257,Nair Priya R.,14/09/1987,Quality,QA Compliance,"Manager, QA Compliance",Manager-II,Bengaluru,18-08-2025,21/03/2023,2023-03-21,EMP10006,Active,,3 - Meets,Well placed,CSV | Stability Studies | Deviation Management | capa closure,priya.nair@example-pharma.test
EMP11090,  JACOB WASON ,28/10/1980,Commercial,Marketing,"Senior Executive, Marketing",Executive-I,Visakhapatnam,2026-03-04,2026-06-17,04-03-2026,EMP11051,Active,,3 - Meets,P1,Brand Strategy | Tender Management | Key Account Management,jacob.wason@example-pharma.test
EMP10388,Sanaya Solanki,12/01/1980,Manufacturing,Packaging,"Executive, Packaging",Executive-II,Baddi,12-07-2023,01-05-2026,01/05/2026,EMP10334,Active,,5 - Outstanding,Well placed,Tech Transfer | Lean Manufacturing | GMP Auditing | Aseptic Processing,sanaya.solanki@example-pharma.test
EMP10324,Tanmayi Pradhan,20/11/1984,Manufacturing,OSD Production,"Senior Executive, OSD Production",E2,Hyderabad,13-03-2013,2023-07-30,13-Mar-2013,EMP10305,Active,,5 - Outstanding,P1,Equipment Qualification | Tech Transfer,tanmayi.pradhan@example-pharma.test
EMP10033,Praneel Deshpande,1986-08-05,Quality,Validation,"Manager, Validation",M3,Hyderabad,12-08-2025,2025-12-15,15/12/2025,EMP10012,Active,,3 - Meets,Well placed,CSV | cGMP audit,praneel.deshpande@example-pharma.test
EMP10824,Ishanvi Gour,1985-03-04,Clinical,Medical Affairs,"Manager, Medical Affairs",M3,Baddi,08-12-2019,28-12-2020,28-Dec-2020,EMP10815,Active,,4 - Exceeds,Well placed,Protocol Design | Signal Detection,ishanvi.gour@example-pharma.test
EMP10064,Yauvani Bhatia,07-08-1987,Quality,QC Analytical,"Senior Executive, QC Analytical",E2,Pune,06-10-2018,05-04-2022,05/04/2022,EMP10040,Active,,3 - Meets,Growth,capa closure | Batch Record Review | HPLC method dev,yauvani.bhatia@example-pharma.test
EMP10915,Dalaja Suri,1982-09-02,Clinical,Clinical Operations,"Executive, Clinical Operations",E1,Visakhapatnam,09/11/2019,05/06/2026,05/06/2026,EMP10836,Active,,3 - Meets,Well placed,Clinical Trial Management | Protocol Design | GCP Auditing,dalaja.suri@example-pharma.test
EMP10003,Harsh Toor,1975-08-12,Corporate,Executive Office,Chief Executive Officer,M6,Mumbai,2014-11-18,24-May-2026,24-May-2026,,Active,,4 - Exceeds,Well placed,Talent Management,harsh.toor@example-pharma.test
EMP10053,Aashi Dar,03/11/1986,Quality,Validation,"Senior Executive, Validation",E2,Hyderabad,2018-04-22,29/11/2020,29-Nov-2020,EMP10021,Active,,3 - Meets,Growth,Method Validation | High Performance Liquid Chromatography,aashi.dar@example-pharma.test
EMP11071,Raghav Chhabra,23-Mar-1990,Commercial,Marketing,"Senior Executive, Marketing",E2,Pune,27-07-2020,2020-12-02,27-Jul-2020,EMP11058,Active,,2 - Partially Meets,Ready for more,Key Account Management | Pricing Strategy,raghav.chhabra@example-pharma.test
EMP10367,Jagat Mane,09/12/1985,Manufacturing,OSD Production,"Executive, OSD Production",E1,Hyderabad,09-Mar-2015,31-Oct-2025,31-10-2025,EMP10315,Active,,3 - Meets,Well placed,Equipment Qualification | Lean Manufacturing | Shop Floor Scheduling,jagat.mane@example-pharma.test
EMP10543,Osha Anne,09/04/1989,R&D,Formulation Development,"Senior Executive, Formulation Development",Executive-I,Baddi,26-Sep-2014,2022-07-21,21-Jul-2022,EMP10514,Active,,4 - Exceeds,Growth,HPLC method dev | Design of Experiments | Method Validation,osha.anne@example-pharma.test
EMP10073,Harish Banerjee,06-Aug-1986,Quality,Validation,"Senior Executive, Validation",E2,Hyderabad,15-Jul-2014,05-Sep-2023,2023-09-05,EMP10021,Notice,,3 - Meets,Well placed,Batch Record Review | Stability Studies | High Performance Liquid Chromatography,harish.banerjee@example-pharma.test
EMP10825,  WAKEETA MALL ,04-09-1989,Clinical,Clinical Operations,"Manager, Clinical Operations",M3,Visakhapatnam,03-06-2025,20-08-2025,03-06-2025,EMP10810,Active,,5 - Outstanding,Well placed,Signal Detection | GCP Auditing | Clinical Trial Management | pharmacovigilence,wakeeta.mall@example-pharma.test
EMP10730,Nirja Gade,14/09/1990,Regulatory,Regulatory Operations,"Senior Executive, Regulatory Operations",E2,Hyderabad,16/08/2024,2025-01-21,21-Jan-2025,EMP10698,Active,,4 - Exceeds,Growth,US FDA Liaison | EU MDR | Regulatory Strategy,nirja.gade@example-pharma.test
EMP11164,Saksham Pradhan,14-Mar-1982,Commercial,Market Access,"Executive, Market Access",E1,Visakhapatnam,01-Dec-2012,13-03-2026,13-Mar-2026,EMP11082,Active,,4 - Exceeds,Growth,Market Access | Key Account Management,saksham.pradhan@example-pharma.test
EMP11262,Turvi Minhas (Contract),05-Sep-1978,Quality,Quality Systems,"Executive, Quality Systems",Executive-II,ahmedabad,07-Oct-2022,09-Jan-2024,09-01-2024,EMP10072,Active,,2 - Partially Meets,Growth,Good Manufacturing Practice auditing | Stability Studies | Batch Record Review,turvi.minhas@example-pharma.test
EMP10659,Quincy Acharya,02-Aug-1982,R&D,Process Chemistry,"Executive, Process Chemistry",E1,bengaluru,2017-01-14,09-Mar-2024,14/01/2017,EMP10534,Active,,5 - Outstanding,Well placed,Patent Drafting | Process Chemistry | Formulation Development | Design of Experiments,quincy.acharya@example-pharma.test
EMP10738,Ijaya Baral,05/06/1978,Regulatory,Regulatory CMC,"Executive, Regulatory CMC",Executive-II,Pune,17-May-2018,20/12/2024,17-05-2018,EMP10712,Active,,4 - Exceeds,Well placed,US FDA Liaison | Labelling Compliance | EU MDR | eCTD Publishing,ijaya.baral@example-pharma.test
EMP10079,Sai Buch,28/05/1983,Quality,QC Analytical,"Senior Executive, QC Analytical",E2,Pune,2018-11-15,02/05/2022,02/05/2022,EMP10028,Active,,2 - Partially Meets,P1,capa closure | Batch Record Review,sai.buch@example-pharma.test
EMP11032,Jairaj Mani,05-04-1979,Supply Chain,Warehouse & Distribution,"Executive, Warehouse & Distribution",E1,Ahmedabad,13-Feb-2014,05-09-2022,13/02/2014,EMP10955,Active,,4 - Exceeds,Well placed,Inventory Optimisation | Serialisation | Cold Chain Logistics | S&OP / demand planning,jairaj.mani@example-pharma.test
EMP10795,Caleb Badal,10/12/1978,Regulatory,Regulatory CMC,"Executive, Regulatory CMC",Executive-II,Pune,06-Jan-2015,12-Feb-2022,12-Feb-2022,EMP10712,Active,,3 - Meets,Well placed,Labelling Compliance | US FDA Liaison | Regulatory Strategy,caleb.badal@example-pharma.test
EMP10334,Vritti Lad,04/01/1988,Manufacturing,Packaging,"Senior Executive, Packaging",E2,Baddi,28/01/2022,11/08/2024,2022-01-28,EMP10290,Active,,3 - Meets,P1,Tech Transfer | Good Manufacturing Practice auditing | Equipment Qualification | Lean Manufacturing,vritti.lad@example-pharma.test
EMP11040,Indrajit Banerjee,1978-04-19,Commercial,Marketing,"Head of Marketing, Pune",M4,pune,22-01-2013,12-Feb-2021,22-01-2013,EMP11033,Active,,1 - Below,Well placed,Tender Management | CRM Analytics | Market Access | Key Account Management,indrajit.banerjee@example-pharma.test
EMP10389,Theodore Bath,14/03/1985,Manufacturing,OSD Production,"Executive, OSD Production",E1,Hyderabad,08-Mar-2016,2023-11-01,08-03-2016,EMP10335,Active,,3 - Meets,Well placed,Tech Transfer | Granulation | Aseptic Processing | Shop Floor Scheduling,theodore.bath@example-pharma.test
EMP10986,Diya Tara,1978-04-02,Supply Chain,Warehouse & Distribution,"Executive, Warehouse & Distribution",E1,Hyderabad,2015-06-02,29-Dec-2024,29/12/2024,EMP10955,Active,,3 - Meets,Well placed,Serialisation | Cold Chain Logistics | SAP MM,diya.tara@example-pharma.test
EMP10071,Amrita Nayak,20-07-1990,Quality,QC Analytical,"Senior Executive, QC Analytical",E2,pune,2013-04-16,04/09/2021,04-09-2021,EMP10016,Active,,3 - Meets,Well placed,Method Validation | C.A.P.A | cGMP audit,amrita.nayak@example-pharma.test
EMP10321,Utkarsh Muni,15-03-1987,Manufacturing,Engineering,"Senior Executive, Engineering",E2,Pune,05-01-2021,2024-10-30,05-Jan-2021,EMP10300,Active,,4 - Exceeds,Ready for more,Lean Manufacturing | Granulation | GMP Auditing | Equipment Qualification,utkarsh.muni@example-pharma.test
EMP11107,Parth Ray,01-10-1978,Commercial,Sales,"Executive, Sales",E1,Baddi,29-12-2024,2026-01-10,10-01-2026,EMP11075,Active,,3 - Meets,P1,Brand Strategy | CRM Analytics | Key Account Management,parth.ray@example-pharma.test
EMP10934,  LIAM AHUJA ,23-12-1986,Supply Chain,Warehouse & Distribution,"Manager, Warehouse & Distribution",M3,Hyderabad,25-06-2021,2023-11-28,28/11/2023,EMP10927,Active,,4 - Exceeds,P2,Cold Chain Logistics | Vendor Qualification | Serialisation | Inventory Optimisation,liam.ahuja@example-pharma.test
EMP11196,Tanay Anand,07-Dec-1980,Corporate,IT,"Senior Executive, IT",E2,Ahmedabad,31-12-2016,2021-10-25,25-Oct-2021,EMP11190,Active,,3 - Meets,Growth,Talent Management | SAP FICO,tanay.anand@example-pharma.test
EMP10840,Ekalinga Sha,02-12-1983,Clinical,Pharmacovigilance,"Senior Executive, Pharmacovigilance",E2,Pune,03-11-2023,08/12/2024,2023-11-03,EMP10821,Active,,3 - Meets,P1,Protocol Design | Clinical Trial Management | Medical Writing,ekalinga.sha@example-pharma.test
EMP11033,Barkha Sachar,1975-10-14,Commercial,Sales,Head of Commercial,M5,Ahmedabad,2013-03-11,25/04/2021,11-Mar-2013,EMP10003,Active,,2 - Partially Meets,Well placed,Tender Management | CRM Analytics | Market Access,barkha.sachar@example-pharma.test
EMP10478,Saumya Salvi,1980-03-30,Manufacturing,Sterile Fill-Finish,"Executive, Sterile Fill-Finish",E1,Visakhapatnam,03-Jul-2022,22-11-2022,2022-11-22,EMP10319,Active,,3 - Meets,Growth,Equipment Qualification | Shop Floor Scheduling | Granulation,saumya.salvi@example-pharma.test
EMP10593,Timothy Khurana,06-May-1979,R&D,Analytical R&D,"Executive, Analytical R&D",E1,Mumbai,18/03/2022,2022-09-15,15/09/2022,EMP10555,Active,,4 - Exceeds,Ready for more,HPLC | Formulation Development,timothy.khurana@example-pharma.test
EMP11141,Girish Goswami,20-Nov-1986,Commercial,Sales,"Executive, Sales",E1,Bengaluru,28-10-2025,2026-01-05,05/01/2026,EMP11089,Active,,2 - Partially Meets,Well placed,Key Account Management | CRM Analytics | Market Access | Pricing Strategy,girish.goswami@example-pharma.test
EMP10380,Ekansh Halder,28-Aug-1987,Manufacturing,OSD Production,"Executive, OSD Production",E1,Pune,23-Jul-2021,02-03-2023,23-Jul-2021,EMP10325,Active,,4 - Exceeds,Ready for more,Granulation | Tech Transfer,ekansh.halder@example-pharma.test
EMP10108,Jason Zacharia,1978-08-14,Quality,QA Compliance,"Executive, QA Compliance",E1,Baddi,2023-12-18,2024-07-13,18-12-2023,EMP10042,Active,,3 - Meets,Well placed,CSV | Batch Record Review | HPLC,jason.zacharia@example-pharma.test
EMP10604,Aishani Pant,18/06/1984,R&D,Analytical R&D,"Executive, Analytical R&D",E1,Mumbai,07/03/2017,01/03/2022,01/03/2022,EMP10531,Active,,3 - Meets,Ready for more,Formulation Development | Design of Experiments | Method Validation | High Performance Liquid Chromatography,aishani.pant@example-pharma.test
EMP11181,  KASHVI DIVAN ,01-05-1987,Corporate,Legal,"Head of Legal, Mumbai",M4,Mumbai,2022-12-28,08/02/2024,08-02-2024,EMP11170,Notice,,5 - Outstanding,P1,SAP FICO | IT Infrastructure | Talent Management | Data Privacy,kashvi.divan@example-pharma.test
EMP10963,Amruta Karnik,1984-02-16,,Planning,"Senior Executive, Planning",E2,Ahmedabad,22-08-2019,05-04-2020,05-04-2020,EMP10931,Active,,1 - Below,Well placed,Serialisation | demand planning | Vendor Qualification,amruta.karnik@example-pharma.test
EMP10286,Gagan Madan,19/02/1990,Manufacturing,Engineering,"Manager, Engineering",M3,pune,2018-01-17,2019-09-12,12/09/2019,EMP10277,Active,,3 - Meets,Growth,Tech Transfer | Granulation | Shop Floor Scheduling,gagan.madan@example-pharma.test
EMP10684,Adya Wagle,24-Jul-1975,Regulatory,Regulatory CMC,"Head of Regulatory Affairs, Pune",M4,Pune,2015-08-12,24/12/2020,24-12-2020,EMP10682,Active,,3 - Meets,Growth,eCTD Publishing | Labelling Compliance | EU MDR | US FDA Liaison,adya.wagle@example-pharma.test
EMP10102,Aradhana Bahl,01-05-1989,Quality,Quality Systems,"Senior Executive, Quality Systems",E2,Bengaluru,27-Mar-2020,04-11-2020,2020-03-27,EMP10019,Active,,5 - Outstanding,Well placed,Computer System Validation | Batch Record Review | H.P.L.C. | Stability Studies,aradhana.bahl@example-pharma.test
EMP10641,Isaac Bhagat,13-06-1978,R&D,Analytical R&D,"Executive, Analytical R&D",E1,Mumbai,31-08-2014,08-05-2023,2014-08-31,EMP10561,Active,,3 - Meets,Growth,Scale-up | Patent Drafting | Method Validation | Formulation Development,isaac.bhagat@example-pharma.test
EMP10895,  TANMAYI BADAMI ,1985-06-08,Clinical,Pharmacovigilance,"Executive, Pharmacovigilance",E1,Pune,28/09/2023,11-09-2024,2023-09-28,EMP10840,Active,,3 - Meets,Well placed,Medical Writing | Protocol Design | Signal Detection | GCP Auditing,tanmayi.badami@example-pharma.test
EMP11126,Charan Gala,20-10-1983,Commercial,Sales,"Executive, Sales",E1,Bengaluru,03-Mar-2016,24-Oct-2023,24-10-2023,EMP11068,Active,,4 - Exceeds,Ready for more,Brand Strategy | Market Access | CRM Analytics,charan.gala@example-pharma.test
EMP10961,Krishna Parekh,04-Jan-1983,Supply Chain,Procurement,"Senior Executive, Procurement",E2,Baddi,26-04-2019,06-Mar-2024,06/03/2024,EMP10930,Exited,2026-07-04,4 - Exceeds,Well placed,Inventory Optimisation | Cold Chain Logistics | S&OP / demand planning | Serialisation,krishna.parekh@example-pharma.test
EMP10313,Arunima Sehgal,27/07/1985,Manufacturing,Packaging,"Senior Executive, Packaging",Executive-I,Baddi,27/07/2019,2023-11-14,2019-07-27,EMP10290,Active,,4 - Exceeds,Growth,Lean Manufacturing | Equipment Qualification,arunima.sehgal@example-pharma.test
EMP10253,Yash Kala,21-11-1979,Quality,QA Compliance,"Executive, QA Compliance",E1,Bengaluru,13-12-2015,20-Feb-2025,13-12-2015,EMP10060,Active,,1 - Below,Well placed,CSV | Stability Studies | Deviation Management,yash.kala@example-pharma.test
EMP11229,Vasana Chaudry,13-10-1984,Corporate,Finance,"Executive, Finance",E1,Ahmedabad,03/01/2017,11/03/2026,11-03-2026,EMP11195,Active,,4 - Exceeds,Well placed,Contract Law | Data Privacy | Financial Planning & Analysis | SAP FICO,vasana.chaudry@example-pharma.test
EMP10762,Yash Pandya,07-Sep-1983,Regulatory,Labelling,"Executive, Labelling",E1,Hyderabad,24-05-2024,02/12/2025,02/12/2025,EMP10709,Active,,5 - Outstanding,P2,US FDA Liaison | Labelling Compliance,yash.pandya@example-pharma.test
EMP11068,Damyanti Palla,16/10/1981,Commercial,Sales,"Senior Executive, Sales",E2,bengaluru,2018-01-15,2022-01-24,2022-01-24,EMP11055,Active,,2 - Partially Meets,Well placed,Tender Management | Key Account Management | CRM Analytics | Market Access,damyanti.palla@example-pharma.test
EMP10104,Shivani Banerjee,1981-07-10,Quality,Validation,"Senior Executive, Validation",E2,Baddi,17-03-2026,19-Jun-2026,19-06-2026,EMP10021,Active,,3 - Meets,Well placed,Method Validation | GMP audits | HPLC | Deviation Management,shivani.banerjee@example-pharma.test
EMP10345,Aarini Divan,13/09/1981,Manufacturing,OSD Production,"Senior Executive, OSD Production",E2,Hyderabad,30-Nov-2025,19/12/2025,19-12-2025,EMP10305,Active,,4 - Exceeds,P1,Aseptic Processing | Shop Floor Scheduling | GMP audits | Equipment Qualification,aarini.divan@example-pharma.test
EMP10870,Chaitanya Balakrishnan,27/04/1982,Clinical,Medical Affairs,"Executive, Medical Affairs",E1,Baddi,17-02-2019,2024-05-18,2024-05-18,EMP10842,Active,,3 - Meets,Growth,Protocol Design | pharmacovigilence | GCP Auditing,chaitanya.balakrishnan@example-pharma.test
EMP11043,Krish Devan,18/01/1977,Commercial,Market Access,"Head of Market Access, Bengaluru",M4,Bengaluru,20/03/2023,27-03-2025,27-03-2025,EMP11033,Active,,5 - Outstanding,Growth,Brand Strategy | Market Access | Key Account Management | CRM Analytics,krish.devan@example-pharma.test
EMP10366,Avi Sampath,1986-06-13,Manufacturing,Packaging,"Executive, Packaging",Executive-II,Baddi,12-May-2019,28-12-2025,12/05/2019,EMP10313,Active,,5 - Outstanding,P2,Granulation | Tech Transfer | Shop Floor Scheduling,avi.sampath@example-pharma.test
EMP10670,Sudiksha Parmer,01-03-1979,R&D,Analytical R&D,"Executive, Analytical R&D",Executive-II,Mumbai,31-05-2014,2022-10-08,08-10-2022,EMP10544,Active,,4 - Exceeds,Well placed,HPLC | Formulation Development | Process Chemistry,sudiksha.parmer@example-pharma.test
EMP10868,Yashodhara Cheema,1979-01-04,Clinical,Pharmacovigilance,"Executive, Pharmacovigilance",E1,Pune,2013-10-03,06-11-2024,06-Nov-2024,EMP10840,Active,,3 - Meets,Well placed,GCP Auditing | Protocol Design,yashodhara.cheema@example-pharma.test
EMP10836,Ojas Bora,23-Jul-1987,Clinical,Clinical Operations,"Senior Executive, Clinical Operations",E2,Visakhapatnam,24/04/2019,14/10/2020,14-10-2020,EMP10825,Active,,5 - Outstanding,Growth,Clinical Trial Management | Protocol Design | GCP Auditing,ojas.bora@example-pharma.test
EMP10251,Anvi Pandit,11-12-1978,Quality,Validation,"Executive, Validation",E1,Hyderabad,07-Feb-2015,2026-02-13,07-02-2015,EMP10059,Active,,3 - Meets,Growth,High Performance Liquid Chromatography | Method Validation | Stability Studies | Batch Record Review,anvi.pandit@example-pharma.test
EMP10338,Omisha Reddy,1988-01-27,Manufacturing,Sterile Fill-Finish,"Senior Executive, Sterile Fill-Finish",E2,Visakhapatnam,09/01/2014,15-May-2025,2014-01-09,EMP10298,Active,,3 - Meets,P2,Aseptic Processing | Equipment Qualification | Shop Floor Scheduling,omisha.reddy@example-pharma.test
EMP11130,Jackson Khurana,06/10/1986,Commercial,Sales,"Executive, Sales",E1,Bengaluru,04-06-2025,07/01/2026,2026-01-07,EMP99999,Active,,3 - Meets,Growth,Market Access | Tender Management | CRM Analytics,jackson.khurana@example-pharma.test
EMP11200,Leena Ganesh,28-Jan-1986,Corporate,Human Resources,"Senior Executive, Human Resources",E2,Hyderabad,22-05-2016,23-10-2023,22-05-2016,EMP11184,Notice,,3 - Meets,Well placed,IT Infrastructure | Contract Law | Data Privacy,leena.ganesh@example-pharma.test
EMP11086,Gopal Tata,29-11-1981,Commercial,Marketing,"Senior Executive, Marketing",E2,Bengaluru,03-May-2025,2026-01-03,03/01/2026,EMP11058,Active,,4 - Exceeds,Well placed,CRM Analytics | Pricing Strategy,gopal.tata@example-pharma.test
EMP10701,  FIYAZ NANDA ,08/02/1985,Regulatory,Regulatory CMC,"Manager, Regulatory CMC",M3,Pune,14/02/2013,27-Dec-2021,14-Feb-2013,EMP10684,Active,,3 - Meets,Well placed,EU MDR | US FDA Liaison | eCTD Publishing,fiyaz.nanda@example-pharma.test
EMP10997,Daksh Viswanathan,26-07-1985,Supply Chain,Planning,"Executive, Planning",E1,Ahmedabad,10-May-2020,2021-05-16,2021-05-16,EMP10940,Active,,3 - Meets,Growth,Serialisation | SAP MM | Cold Chain Logistics | Demand Planning,daksh.viswanathan@example-pharma.test
EMP11187,Janaki Soni,1986-06-10,Corporate,Finance,"Manager, Finance",Manager-II,Ahmedabad,13-Aug-2016,26/03/2023,26-03-2023,EMP11176,Active,,4 - Exceeds,Well placed,Data Privacy | SAP FICO,janaki.soni@example-pharma.test
EMP11018,Ekansh Hari,02-Oct-1978,Supply Chain,Planning,"Executive, Planning",E1,Ahmedabad,16-Jun-2021,06-07-2025,06-07-2025,EMP10940,Active,,5 - Outstanding,P2,SAP MM | Serialisation | S&OP / demand planning | Vendor Qualification,ekansh.hari@example-pharma.test
EMP11160,Pahal Gade,1986-10-22,Commercial,Marketing,"Executive, Marketing",E1,Visakhapatnam,23/04/2021,05-May-2024,2024-05-05,EMP11079,Active,,2 - Partially Meets,Well placed,Tender Management | Brand Strategy,pahal.gade@example-pharma.test
EMP10589,  WISHI NARULA ,12/05/1987,R&D,IP & Patents,"Executive, IP & Patents",E1,Visakhapatnam,21-May-2024,12/01/2025,21/05/2024,EMP10549,Active,,4 - Exceeds,Well placed,H.P.L.C. | Patent Drafting,wishi.narula@example-pharma.test
EMP10235,Ayaan Prasad,04-Feb-1979,Quality,QA Compliance,"Executive, QA Compliance",E1,Bengaluru,28-05-2024,30-Nov-2024,30/11/2024,EMP10105,Active,,4 - Exceeds,Ready for more,High Performance Liquid Chromatography | Batch Record Review | CAPA,ayaan.prasad@example-pharma.test
EMP10421,Avni Modi,10/03/1980,Manufacturing,OSD Production,"Executive, OSD Production",E1,Hyderabad,31-12-2012,2022-06-08,08-06-2022,EMP10315,Active,,5 - Outstanding,P1,GMP audits | Shop Floor Scheduling,avni.modi@example-pharma.test
EMP11004,  RACHIT PATEL ,04-06-1982,Supply Chain,Procurement,"Executive, Procurement",E1,Ahmedabad,2021-09-06,05/05/2024,05-05-2024,EMP10947,Active,,3 - Meets,Ready for more,Vendor Qualification | S&OP / demand planning | Serialisation,rachit.patel@example-pharma.test
EMP11248,Vinaya Mangat,24/05/1987,Corporate,Human Resources,"Executive, Human Resources",E1,Hyderabad,10/07/2021,2024-09-07,2024-09-07,EMP11200,Active,,3 - Meets,P1,Contract Law | Talent Management,vinaya.mangat@example-pharma.test
EMP10957,Abhimanyu Hari,04-Jun-1987,Supply Chain,Procurement,"Senior Executive, Procurement",E2,Visakhapatnam,05/05/2021,20-Feb-2022,20-Feb-2022,EMP10935,Active,,3 - Meets,Growth,Cold Chain Logistics | SAP MM,abhimanyu.hari@example-pharma.test
EMP10583,Jack Bora,1986-07-06,R&D,Analytical R&D,"Executive, Analytical R&D",E1,mumbai,03-07-2022,2022-08-14,2022-08-14,EMP10544,Active,,3 - Meets,P2,Scale-up | Design of Experiments,jack.bora@example-pharma.test
EMP10712,Ikbal Krishna,13-Aug-1984,Regulatory,Regulatory CMC,"Senior Executive, Regulatory CMC",E2,Pune,02-09-2012,05-Dec-2020,05-12-2020,EMP10701,Active,,3 - Meets,Growth,EU MDR | ANDA Filings | Regulatory Strategy | US FDA Liaison,ikbal.krishna@example-pharma.test
EMP10217,Timothy Chhabra,1984-06-14,Quality,Quality Systems,"Executive, Quality Systems",E1,Bengaluru,2018-12-06,05-02-2025,06-12-2018,EMP10083,Active,,3 - Meets,P2,Computer System Validation | Method Validation | GMP Auditing | Deviation Management,timothy.chhabra@example-pharma.test
EMP10936,Watika Mangal,21-Jun-1988,Supply Chain,Procurement,"Senior Executive, Procurement",E2,Baddi,26-04-2024,14-Feb-2025,2025-02-14,EMP10930,Active,,4 - Exceeds,Well placed,Vendor Qualification | Inventory Optimisation | SAP MM | Cold Chain Logistics,watika.mangal@example-pharma.test
EMP10536,Zayyan Kapadia,1982-05-23,R&D,Formulation Development,"Senior Executive, Formulation Development",E2,pune,2018-06-19,09-May-2026,09/05/2026,EMP10525,Active,,2 - Partially Meets,Growth,Formulation Development | Process Chemistry | Method Validation,zayyan.kapadia@example-pharma.test
EMP10122,Yachana Sastry,04/12/1983,Quality,Quality Systems,"Executive, Quality Systems",E1,Mumbai,2025-11-10,24-02-2026,2025-11-10,EMP10057,Active,,4 - Exceeds,Growth,H.P.L.C. | CSV (21 CFR Part 11) | Stability Studies | cGMP audit,yachana.sastry@example-pharma.test
EMP10982,Urmi Naik,01-Mar-1985,Supply Chain,Planning,"Executive, Planning",Executive-II,Ahmedabad,09-Feb-2017,07/03/2023,07/03/2023,EMP10951,Active,,2 - Partially Meets,Ready for more,SAP MM | Cold Chain Logistics | Serialisation | Vendor Qualification,urmi.naik@example-pharma.test
EMP10004,Yasti Borra,1978-03-01,Quality,QA Compliance,Head of Quality,M5,Hyderabad,2020-06-24,2022-12-29,29-Dec-2022,EMP10003,Active,,3 - Meets,P1,Stability Studies | Deviation Management | HPLC,yasti.borra@example-pharma.test
EMP10848,Prisha Balasubramanian,1981-12-07,Clinical,Pharmacovigilance,"Senior Executive, Pharmacovigilance",E2,Pune,01-Apr-2022,14-09-2025,01-04-2022,EMP10821,Active,,4 - Exceeds,Growth,Clinical Trial Management | GCP Auditing,prisha.balasubramanian@example-pharma.test
EMP11093,Kritika Rau,23-04-1986,Commercial,Sales,"Executive, Sales",E1,Bengaluru,10/07/2019,25-11-2019,25-11-2019,EMP11059,Active,,3 - Meets,Well placed,Brand Strategy | Key Account Management | Market Access | Tender Management,kritika.rau@example-pharma.test
EMP10544,Widisha Roy,18/10/1984,R&D,Analytical R&D,"Senior Executive, Analytical R&D",E2,Mumbai,05-11-2015,26-04-2025,26-Apr-2025,EMP10517,Active,,4 - Exceeds,P3,High Performance Liquid Chromatography | Process Chemistry,widisha.roy@example-pharma.test
EMP10142,Rajata Shah,25/01/1980,Quality,Validation,"Executive, Validation",E1,Hyderabad,22/12/2014,28-07-2024,2024-07-28,EMP10073,Active,,3 - Meets,Well placed,Method Validation | GMP Auditing | Batch Record Review,rajata.shah@example-pharma.test
EMP10300,Bimala Dani,1984-12-13,Manufacturing,Engineering,"Manager, Engineering",Manager-II,Pune,22-02-2022,2025-11-13,13-Nov-2025,EMP10277,Active,,2 - Partially Meets,P1,Equipment Qualification | Shop Floor Scheduling,bimala.dani@example-pharma.test
EMP10246,Bhavna Mand,02/07/1982,Quality,QA Compliance,"Executive, QA Compliance",E1,Bengaluru,2024-04-11,30/04/2026,2026-04-30,EMP10055,Active,,3 - Meets,P2,CSV (21 CFR Part 11) | Stability Studies,bhavna.mand@example-pharma.test
EMP11213,Nathan Shah,1983-10-11,Corporate,Human Resources,"Executive, Human Resources",E1,Ahmedabad,09-Mar-2020,18-Jul-2022,09-Mar-2020,EMP11192,Active,,1 - Below,Well placed,Contract Law | Financial Planning & Analysis,nathan.shah@example-pharma.test
EMP11173,Mohammed Saraf,20/06/1979,Corporate,Human Resources,"Head of HR, Hyderabad",M4,hyderabad,28-02-2024,13-10-2024,13-10-2024,EMP11170,Notice,,2 - Partially Meets,P2,Contract Law | SAP FICO | Financial Planning & Analysis | IT Infrastructure,mohammed.saraf@example-pharma.test
EMP10969,Eshana Mohan,1978-10-13,Supply Chain,Planning,"Executive, Planning",E1,Ahmedabad,2026-01-27,02-Apr-2026,02/04/2026,EMP10940,Active,,3 - Meets,Well placed,demand planning | Vendor Qualification | Cold Chain Logistics,eshana.mohan@example-pharma.test
EMP10999,Janya Ramachandran,27-Dec-1982,Supply Chain,Warehouse & Distribution,"Executive, Warehouse & Distribution",Executive-II,Hyderabad,2023-03-30,05-04-2026,05/04/2026,EMP10943,Active,,5 - Outstanding,P2,demand planning | Inventory Optimisation | Serialisation | Cold Chain Logistics,janya.ramachandran@example-pharma.test
EMP10521,Aadhya Dyal,03-Aug-1987,R&D,Process Chemistry,"Manager, Process Chemistry",M3,Bengaluru,05-12-2020,17-Oct-2024,05-12-2020,EMP10506,Active,,3 - Meets,Well placed,hplc analysis | Process Chemistry | Design of Experiments | Patent Drafting,aadhya.dyal@example-pharma.test
EMP11170,Atharv Nair,1977-05-07,Corporate,Human Resources,Head of Corporate,M5,Ahmedabad,27-Oct-2015,25-Jun-2022,27-10-2015,EMP10003,Active,,2 - Partially Meets,Well placed,Contract Law | IT Infrastructure | Talent Management,atharv.nair@example-pharma.test
EMP10358,Niharika Chand,01/03/1985,Manufacturing,OSD Production,"Executive, OSD Production",E1,Pune,19-01-2023,29-03-2024,2024-03-29,EMP10306,Active,,4 - Exceeds,P1,Shop Floor Scheduling | cGMP audit,niharika.chand@example-pharma.test
EMP10375,Balvan Sem,10-03-1982,Manufacturing,Packaging,"Executive, Packaging",Executive-II,Visakhapatnam,10/09/2016,30/09/2022,30/09/2022,EMP10322,Active,,4 - Exceeds,Ready for more,Tech Transfer | Lean Manufacturing | Shop Floor Scheduling | Granulation,balvan.sem@example-pharma.test
EMP10492,Qabil Shukla,18-05-1985,Manufacturing,Packaging,"Executive, Packaging",E1,Baddi,21-Oct-2020,2024-04-24,2024-04-24,EMP10334,Active,,3 - Meets,Growth,Lean Manufacturing | Good Manufacturing Practice auditing,qabil.shukla@example-pharma.test
EMP10565,Girindra Pant,1984-01-13,R&D,IP & Patents,"Senior Executive, IP & Patents",E2,Ahmedabad,2016-06-12,09/04/2022,12/06/2016,EMP10524,Active,,4 - Exceeds,P2,Method Validation | H.P.L.C.,girindra.pant@example-pharma.test
EMP10793,Tara Om,09/07/1984,Regulatory,Labelling,"Executive, Labelling",E1,hyderabad,21-Jun-2018,16-Feb-2020,21-06-2018,EMP10709,Active,,3 - Meets,Growth,Labelling Compliance | eCTD Publishing,tara.om@example-pharma.test
EMP10940,Kala Khalsa,27-02-1987,Supply Chain,Planning,"Senior Executive, Planning",E2,Ahmedabad,2023-03-21,2024-02-21,21/02/2024,EMP10931,Active,,5 - Outstanding,Well placed,Inventory Optimisation | Vendor Qualification,kala.khalsa@example-pharma.test
EMP10723,Gayathri Cheema,13/08/1989,Regulatory,Regulatory CMC,"Senior Executive, Regulatory CMC",E2,Pune,14-12-2018,2023-01-28,28-01-2023,EMP10701,Active,,3 - Meets,Ready for more,Labelling Compliance | EU MDR,gayathri.cheema@example-pharma.test
EMP10831,Vasudha Comar,20-04-1982,,Pharmacovigilance,"Senior Executive, Pharmacovigilance",E2,Visakhapatnam,16-May-2025,27-Sep-2025,16-May-2025,EMP10821,Active,,4 - Exceeds,Ready for more,Medical Writing | PV | Protocol Design,vasudha.comar@example-pharma.test
EMP10190,Bhavna Sunder,08/11/1983,Quality,QC Analytical,"Executive, QC Analytical",Executive-II,Pune,25-Oct-2014,05-01-2023,25-10-2014,EMP10056,Active,,3 - Meets,Well placed,Computer System Validation | Method Validation,bhavna.sunder@example-pharma.test
EMP10837,Bakhshi Vasa,13-06-1989,Clinical,Clinical Operations,"Senior Executive, Clinical Operations",Executive-I,Hyderabad,19-Dec-2019,2024-02-11,19-Dec-2019,EMP10818,Active,,4 - Exceeds,Well placed,Protocol Design | Clinical Trial Management | Medical Writing,bakhshi.vasa@example-pharma.test
EMP10335,  EKARAJ NATARAJAN ,10/09/1981,,OSD Production,"Senior Executive, OSD Production",Executive-I,Hyderabad,15-Feb-2022,20-05-2026,20/05/2026,EMP10294,Active,,4 - Exceeds,Growth,Equipment Qualification | Tech Transfer | Aseptic Processing,ekaraj.natarajan@example-pharma.test
EMP11245,Darika Borra,1978-03-01,Corporate,Finance,"Executive, Finance",Executive-II,Ahmedabad,18-Sep-2017,14/06/2025,2025-06-14,EMP11195,Active,,5 - Outstanding,Well placed,Data Privacy | Financial Planning & Analysis,darika.borra@example-pharma.test
EMP10815,Neha Majumdar,01-Jul-1979,Clinical,Medical Affairs,Medical Affairs Lead,M4,Baddi,2025-07-28,2025-11-25,25-Nov-2025,EMP10808,Active,,4 - Exceeds,Growth,PV | Signal Detection | Clinical Trial Management | GCP Auditing,neha.majumdar@example-pharma.test
EMP10766,  CHANDRESH GUPTA ,18/04/1987,Regulatory,Regulatory CMC,"Executive, Regulatory CMC",E1,Baddi,09/12/2019,2025-05-18,2025-05-18,EMP10712,Active,,4 - Exceeds,Growth,eCTD Publishing | EU MDR | Labelling Compliance,chandresh.gupta@example-pharma.test
EMP10306,Lakshmi Behl,1987-08-25,Manufacturing,OSD Production,"Senior Executive, OSD Production",E2,Pune,28-Apr-2021,02/10/2023,02/10/2023,EMP10282,Active,,3 - Meets,Well placed,Tech Transfer | Good Manufacturing Practice auditing | Equipment Qualification | Aseptic Processing,lakshmi.behl@example-pharma.test
EMP11024,Nicholas Kothari,11-10-1977,Supply Chain,Procurement,"Executive, Procurement",E1,pune,26-Sep-2017,17/07/2021,17-Jul-2021,EMP10945,Active,,3 - Meets,Well placed,Demand Planning | Inventory Optimisation,nicholas.kothari@example-pharma.test
EMP10377,Dipta Tandon,04/06/1979,Manufacturing,OSD Production,"Executive, OSD Production",E1,Hyderabad,19/06/2017,2019-12-12,12-Dec-2019,EMP10324,Notice,,3 - Meets,Well placed,Shop Floor Scheduling | Equipment Qualification | Tech Transfer | Granulation,dipta.tandon@example-pharma.test
EMP10193,Timothy Kapoor,13-02-1979,Quality,Validation,"Executive, Validation",E1,Bengaluru,15-May-2020,2026-02-19,19-02-2026,EMP10059,Active,,5 - Outstanding,Well placed,Stability Studies | hplc analysis | Computer System Validation | Method Validation,timothy.kapoor@example-pharma.test
EMP10471,Bahadurjit Bora,03-Nov-1986,Manufacturing,Sterile Fill-Finish,"Executive, Sterile Fill-Finish",E1,Pune,22-09-2024,06-Mar-2025,2025-03-06,EMP10310,Active,,5 - Outstanding,Well placed,Aseptic Processing | GMP Auditing | Tech Transfer,bahadurjit.bora@example-pharma.test
EMP10781,Waida Madan,28/06/1979,Regulatory,Regulatory Operations,"Executive, Regulatory Operations",Executive-II,Hyderabad,2023-01-06,20-02-2025,20-Feb-2025,EMP10730,Active,,3 - Meets,Well placed,eCTD Publishing | EU MDR | US FDA Liaison,waida.madan@example-pharma.test
EMP10901,Ojas Dewan,08-Sep-1984,Clinical,Clinical Operations,"Executive, Clinical Operations",E1,Visakhapatnam,2012-09-08,28/04/2023,28-Apr-2023,EMP10844,Active,,3 - Meets,Well placed,Pharmaco-vigilance | Protocol Design | Medical Writing,ojas.dewan@example-pharma.test
EMP10720,Odika Chadha,05-Sep-1987,Regulatory,Labelling,"Senior Executive, Labelling",E2,Hyderabad,2013-08-14,02-05-2025,02/05/2025,EMP10699,Active,,3 - Meets,Growth,ANDA filing | US FDA Liaison | eCTD Publishing,odika.chadha@example-pharma.test
EMP10715,Isha Chowdhury,22-08-1982,Regulatory,Regulatory CMC,"Senior Executive, Regulatory CMC",E2,Pune,30-Jun-2016,10/04/2023,2023-04-10,EMP10694,Active,,4 - Exceeds,Growth,Labelling Compliance | US FDA Liaison | Abbreviated New Drug Application | eCTD Publishing,isha.chowdhury@example-pharma.test
EMP10279,Luke Mangat,21-07-1988,Manufacturing,Packaging,Site Operations Lead,M4,Baddi,03-Jul-2019,28-07-2025,03-07-2019,EMP10270,Active,,5 - Outstanding,Growth,Aseptic Processing | Shop Floor Scheduling | GMP audits | Granulation,luke.mangat@example-pharma.test
EMP10462,Harita Kar,30-01-1986,Manufacturing,Engineering,"Executive, Engineering",E1,Pune,27-10-2016,27/07/2025,27-Jul-2025,EMP10353,Active,,5 - Outstanding,Well placed,Tech Transfer | Shop Floor Scheduling | cGMP audit,harita.kar@example-pharma.test
EMP10706,  LAKSHMI BHAKTA ,09/07/1984,Regulatory,Regulatory Operations,"Senior Executive, Regulatory Operations",E2,Hyderabad,2014-04-26,2024-01-28,28/01/2024,EMP10698,Active,,5 - Outstanding,Well placed,US FDA Liaison | ANDA Filings | Labelling Compliance,lakshmi.bhakta@example-pharma.test
EMP10548,Vivaan Sood,10-Mar-1983,R&D,Process Chemistry,"Senior Executive, Process Chemistry",E2,Bengaluru,11-10-2020,15-Apr-2022,15/04/2022,EMP10521,Active,,5 - Outstanding,Well placed,Process Chemistry | HPLC | Formulation Development | Scale-up,vivaan.sood@example-pharma.test
EMP10594,Jagvi Saran,03-Jul-1980,R&D,Formulation Development,"Executive, Formulation Development",E1,Baddi,17-05-2013,29/12/2025,29/12/2025,EMP10559,Active,,5 - Outstanding,Well placed,Formulation Development | Method Validation | Scale-up | HPLC,jagvi.saran@example-pharma.test
EMP10615,Ayushman Amble,18-09-1978,R&D,Formulation Development,"Executive, Formulation Development",Executive-II,Pune,13/09/2022,06-Dec-2023,06/12/2023,EMP10536,Active,,4 - Exceeds,P3,Patent Drafting | Design of Experiments | Scale-up | HPLC,ayushman.amble@example-pharma.test
EMP10611,Rachana Sodhi,01-11-1978,R&D,IP & Patents,"Executive, IP & Patents",E1,Ahmedabad,27/02/2019,09-Jun-2026,09-Jun-2026,EMP10535,Active,,5 - Outstanding,Well placed,Formulation Development | HPLC method dev,rachana.sodhi@example-pharma.test
EMP10013,Priya Nair,14/09/1987,Quality,QA Compliance,"Manager, QA Compliance",Manager-II,Bengaluru,30-04-2021,21/03/2023,2023-03-21,EMP10006,Exited,2026-04-30,3 - Meets,Well placed,CSV | Stability Studies | Deviation Management | capa closure,priya.nair@example-pharma.test
EMP10012,Samarth Ram,11-Apr-1986,Quality,Validation,Qualified Person,M4,Hyderabad,24-Aug-2013,27-07-2021,27-Jul-2021,EMP10004,Active,,4 - Exceeds,Well placed,CSV | HPLC | GMP Auditing | C.A.P.A,samarth.ram@example-pharma.test
EMP10587,Nicholas Ganesh,1985-12-24,R&D,Process Chemistry,"Executive, Process Chemistry",E1,baddi,2020-04-13,23-Jun-2020,23/06/2020,EMP10548,Active,,3 - Meets,Well placed,Scale-up | Design of Experiments | High Performance Liquid Chromatography,nicholas.ganesh@example-pharma.test
EMP10187,Om Minhas,1981-09-13,Quality,QA Compliance,"Executive, QA Compliance",E1,Bengaluru,15/02/2024,24-03-2025,15-Feb-2024,EMP10055,Active,,1 - Below,P1,H.P.L.C. | Corrective and Preventive Action | Method Validation | Stability Studies,om.minhas@example-pharma.test
EMP10399,Tanish Kaul,04/11/1986,Manufacturing,OSD Production,"Executive, OSD Production",E1,Hyderabad,27-01-2018,23/05/2021,23/05/2021,EMP10345,Active,,3 - Meets,Well placed,GMP audits | Equipment Qualification,tanish.kaul@example-pharma.test
EMP11124,Janani Mammen,1987-01-13,Commercial,Marketing,"Executive, Marketing",Executive-II,Mumbai,09/12/2025,13-03-2026,13-03-2026,EMP11062,Active,,3 - Meets,Growth,Market Access | Tender Management | Key Account Management,janani.mammen@example-pharma.test
EMP10355,Netra Cheema,21/06/1985,Manufacturing,Packaging,"Senior Executive, Packaging",E2,Baddi,05-09-2018,04-Oct-2020,04-10-2020,EMP10290,Active,,3 - Meets,Well placed,Equipment Qualification | Aseptic Processing | cGMP audit | Shop Floor Scheduling,netra.cheema@example-pharma.test
EMP10927,Nandini Divan,1986-10-17,Supply Chain,Warehouse & Distribution,"Head of Planning, Hyderabad",M4,Hyderabad,14-11-2025,2025-12-27,27/12/2025,EMP10921,Active,,4 - Exceeds,Ready for more,Vendor Qualification | Inventory Optimisation | SAP MM | S&OP / demand planning,nandini.divan@example-pharma.test
EMP10499,Brinda Srinivasan,21/08/1977,R&D,Formulation Development,Head of R&D,M5,Bengaluru,21-Sep-2022,02-05-2026,02-May-2026,EMP10003,Active,,4 - Exceeds,Well placed,Process Chemistry | High Performance Liquid Chromatography | Design of Experiments,brinda.srinivasan@example-pharma.test
EMP10661,Riya Keer,1981-10-09,R&D,IP & Patents,"Executive, IP & Patents",E1,Ahmedabad,10/09/2019,18-Jun-2024,10-09-2019,EMP10535,Active,,4 - Exceeds,Well placed,Design of Experiments | Method Validation,riya.keer@example-pharma.test
EMP10259,Nitesh Char,1978-04-08,Quality,QA Compliance,"Executive, QA Compliance",E1,Bengaluru,2026-01-15,2026-04-01,01/04/2026,EMP10068,Active,,3 - Meets,P2,cGMP audit | HPLC method dev | Method Validation,nitesh.char@example-pharma.test
EMP10319,Mason Pandit,21-Mar-1989,Manufacturing,Sterile Fill-Finish,"Senior Executive, Sterile Fill-Finish",E2,Visakhapatnam,12-04-2019,11-Apr-2025,12-04-2019,EMP10298,Active,,3 - Meets,Well placed,Granulation | Tech Transfer | Aseptic Processing | Equipment Qualification,mason.pandit@example-pharma.test
EMP11003,Anya Bajaj,17-Dec-1982,Supply Chain,Procurement,"Executive, Procurement",Executive-II,Pune,20-08-2014,04/04/2025,2014-08-20,EMP10945,Active,,3 - Meets,Well placed,Serialisation | S&OP / demand planning | Cold Chain Logistics | Inventory Optimisation,anya.bajaj@example-pharma.test
EMP10785,  MOHINI NATH ,1978-07-14,Regulatory,Regulatory CMC,"Executive, Regulatory CMC",E1,Ahmedabad,07-Jul-2017,15/08/2025,15-Aug-2025,EMP10704,Active,,3 - Meets,Growth,EU MDR | US FDA Liaison | Labelling Compliance | eCTD Publishing,mohini.nath@example-pharma.test
EMP11065,Chandani Nath,1983-09-21,Commercial,Market Access,"Senior Executive, Market Access",E2,Bengaluru,08/08/2015,01-06-2022,01-06-2022,EMP11053,Active,,3 - Meets,Growth,Brand Strategy | Market Access | Tender Management,chandani.nath@example-pharma.test
EMP11236,Ekapad Bassi,19-Nov-1980,Corporate,Finance,"Executive, Finance",E1,Ahmedabad,04-09-2025,2026-02-09,04-09-2025,EMP11203,Active,,4 - Exceeds,Growth,SAP FICO | Contract Law | Data Privacy,ekapad.bassi@example-pharma.test
EMP10918,Ayushman Puri,1981-01-04,Clinical,Pharmacovigilance,"Executive, Pharmacovigilance",E1,pune,29-Oct-2025,18-Jan-2026,18-01-2026,EMP10840,Active,,3 - Meets,P2,Signal Detection | Protocol Design,ayushman.puri@example-pharma.test
EMP10637,Yadavi Tata,24/02/1981,R&D,Analytical R&D,"Executive, Analytical R&D",E1,Mumbai,2018-10-03,2020-07-24,24-Jul-2020,EMP10555,Active,,5 - Outstanding,P3,Process Chemistry | Scale-up | Design of Experiments,yadavi.tata@example-pharma.test
EMP11216,Keya Chanda,13/04/1982,Corporate,IT,"Executive, IT",E1,Ahmedabad,2016-03-13,01/09/2024,01-Sep-2024,EMP11196,Active,,3 - Meets,Ready for more,IT Infrastructure | Talent Management | Contract Law,keya.chanda@example-pharma.test
EMP10046,Inaya Chadha,06-02-1983,Quality,QC Analytical,"Senior Executive, QC Analytical",E2,Pune,18/10/2013,01-Sep-2025,18-Oct-2013,EMP10016,Active,,3 - Meets,Well placed,Batch Record Review | cGMP audit | C.A.P.A | Deviation Management,inaya.chadha@example-pharma.test
EMP10434,Janaki Tandon,10/01/1983,Manufacturing,OSD Production,"Executive, OSD Production",Executive-II,Pune,10-Jun-2021,01-Jun-2022,01/06/2022,EMP10325,Active,,3 - Meets,Growth,Tech Transfer | Granulation | GMP Auditing,janaki.tandon@example-pharma.test
EMP11125,Aashi Chand,1987-07-11,Commercial,Market Access,"Executive, Market Access",E1,Bengaluru,26-04-2020,27-07-2021,2021-07-27,EMP11065,Active,,3 - Meets,P1,CRM Analytics | Brand Strategy | Key Account Management,aashi.chand@example-pharma.test
EMP10255,Lipika Zachariah,03/08/1981,Quality,QC Analytical,"Executive, QC Analytical",E1,Pune,2023-12-29,04-05-2026,29-12-2023,EMP10064,Active,,4 - Exceeds,Well placed,GMP audits | Batch Record Review,lipika.zachariah@example-pharma.test
EMP10808,Rishi Uppal,1977-11-17,Clinical,Clinical Operations,Head of Clinical,Director-II,Ahmedabad,22-Dec-2017,13-07-2022,2022-07-13,EMP10003,Active,,3 - Meets,Ready for more,Signal Detection | Protocol Design | GCP Auditing,rishi.uppal@example-pharma.test
EMP10425,Chameli Nath,06-12-1982,Manufacturing,Sterile Fill-Finish,"Executive, Sterile Fill-Finish",E1,Pune,2025-12-19,05-05-2026,2025-12-19,EMP10319,Active,,3 - Meets,P1,Tech Transfer | Shop Floor Scheduling,chameli.nath@example-pharma.test
EMP11118,Urvashi Nayak,19/06/1983,Commercial,Sales,"Executive, Sales",E1,Bengaluru,10-01-2021,23/04/2021,23-04-2021,EMP11089,Active,,4 - Exceeds,P1,CRM Analytics | Brand Strategy | Tender Management | Market Access,urvashi.nayak@example-pharma.test
EMP10551,Aryan Walla,1989-08-20,R&D,Formulation Development,"Senior Executive, Formulation Development",E2,Baddi,30-Nov-2019,30/06/2025,2025-06-30,EMP10525,Active,,4 - Exceeds,Well placed,Process Chemistry | Method Validation | Scale-up,aryan.walla@example-pharma.test
EMP11112,Abdul Nayak,1979-09-28,Commercial,Market Access,"Executive, Market Access",E1,Bengaluru,30-08-2017,2022-04-28,28-Apr-2022,EMP11082,Active,,4 - Exceeds,Well placed,CRM Analytics | Brand Strategy,abdul.nayak@example-pharma.test
EMP10842,Gaurangi Dugal,01-05-1981,Clinical,Medical Affairs,"Senior Executive, Medical Affairs",Executive-I,Baddi,2020-10-24,29/03/2023,29-Mar-2023,EMP10824,Active,,5 - Outstanding,Well placed,Signal Detection | GCP Auditing,gaurangi.dugal@example-pharma.test
EMP10570,Shivani Bhat,1986-08-30,R&D,Analytical R&D,"Executive, Analytical R&D",E1,Mumbai,30/05/2014,20/01/2023,2014-05-30,EMP10531,Active,,3 - Meets,P2,Design of Experiments | Method Validation | Scale-up,shivani.bhat@example-pharma.test
EMP11051,Mugdha Kala,22-08-1993,Commercial,Marketing,"Manager, Marketing",M3,Visakhapatnam,09/02/2013,15/10/2022,15-10-2022,EMP11040,Active,,3 - Meets,Well placed,CRM Analytics | Key Account Management | Market Access,mugdha.kala@example-pharma.test
EMP10184,Yagnesh Gole,12-07-1983,Quality,Validation,"Executive, Validation",E1,Hyderabad,26/02/2024,12/04/2026,12-04-2026,EMP10053,Active,,3 - Meets,Well placed,Deviation Management | Stability Studies | GMP Auditing,yagnesh.gole@example-pharma.test
EMP10042,Guneet Som,1988-09-11,Quality,QA Compliance,"Senior Executive, QA Compliance",Executive-I,Baddi,04/12/2018,16/08/2020,16-08-2020,EMP10013,Active,,3 - Meets,Well placed,GMP audits | Method Validation | High Performance Liquid Chromatography,guneet.som@example-pharma.test
EMP10347,Upasna Tiwari,1985-07-21,Manufacturing,OSD Production,"Senior Executive, OSD Production",E2,Hyderabad,24/08/2021,12/07/2022,12-Jul-2022,EMP10282,Active,,3 - Meets,Well placed,Equipment Qualification | Tech Transfer | GMP audits | Shop Floor Scheduling,upasna.tiwari@example-pharma.test
EMP10105,Vedant Bera,30-08-1985,Quality,QA Compliance,"Senior Executive, QA Compliance",E2,Bengaluru,05/04/2015,2020-02-09,05-04-2015,EMP10024,Active,,2 - Partially Meets,Well placed,Corrective and Preventive Action | Method Validation | HPLC,vedant.bera@example-pharma.test
EMP10396,Shaurya Parmar,08-Oct-1984,Manufacturing,Packaging,"Executive, Packaging",E1,Baddi,30-04-2022,29/09/2025,29-Sep-2025,EMP10343,Active,,3 - Meets,Growth,Aseptic Processing | Equipment Qualification,shaurya.parmar@example-pharma.test
EMP11120,Aarna Bakshi,22-Aug-1985,Commercial,Marketing,"Executive, Marketing",E1,Visakhapatnam,2021-12-24,2024-09-09,2021-12-24,EMP11090,Active,,3 - Meets,Growth,CRM Analytics | Key Account Management,aarna.bakshi@example-pharma.test
EMP10226,Lavanya Lal,1979-06-24,Quality,QA Compliance,"Executive, QA Compliance",E1,Bengaluru,20-Apr-2013,20/07/2021,2013-04-20,EMP10095,Active,,3 - Meets,Well placed,Batch Record Review | HPLC,lavanya.lal@example-pharma.test
EMP10847,Advik Dewan,1988-12-19,Clinical,Clinical Operations,"Senior Executive, Clinical Operations",E2,Visakhapatnam,06/07/2013,22-03-2025,22-Mar-2025,EMP10818,Active,,5 - Outstanding,Well placed,Medical Writing | Protocol Design,advik.dewan@example-pharma.test
EMP10109,Vedant Raj,1979-11-07,Quality,QC Analytical,"Executive, QC Analytical",Executive-II,Pune,28/11/2025,2026-04-01,28/11/2025,EMP10046,Active,,3 - Meets,Growth,Good Manufacturing Practice auditing | Deviation Management | Method Validation,vedant.raj@example-pharma.test
EMP10059,Sarthak Raju,04-10-1982,Quality,Validation,"Senior Executive, Validation",E2,Hyderabad,25/11/2024,2025-09-04,25-11-2024,EMP10033,Active,,4 - Exceeds,Growth,C.A.P.A | Good Manufacturing Practice auditing,sarthak.raju@example-pharma.test
EMP10056,  YASTI KADE ,1981-07-23,Quality,QC Analytical,"Senior Executive, QC Analytical",Executive-I,Pune,2021-11-05,17/03/2022,17-03-2022,EMP10028,Active,,3 - Meets,P1,Stability Studies | Method Validation,yasti.kade@example-pharma.test
EMP10310,Azaan Chaudry,1985-01-13,Manufacturing,Sterile Fill-Finish,"Senior Executive, Sterile Fill-Finish",Executive-I,Pune,15-Jun-2025,08-09-2025,2025-09-08,EMP10285,Active,,3 - Meets,Growth,Good Manufacturing Practice auditing | Lean Manufacturing,azaan.chaudry@example-pharma.test
EMP10988,Om Kanda,14-08-1979,Supply Chain,Procurement,"Executive, Procurement",E1,Baddi,2022-11-14,31-01-2025,2025-01-31,EMP10961,Active,,3 - Meets,Growth,Serialisation | Cold Chain Logistics | SAP MM | Demand Planning,om.kanda@example-pharma.test
EMP10213,Bhavani Pau,1978-03-14,Quality,QC Analytical,"Executive, QC Analytical",E1,Hyderabad,2024-04-12,2026-03-22,22-Mar-2026,EMP10079,Active,,4 - Exceeds,Well placed,Corrective and Preventive Action | Good Manufacturing Practice auditing | CSV,bhavani.pau@example-pharma.test
EMP10089,Eshana Palan,1982-11-22,Quality,QA Compliance,"Senior Executive, QA Compliance",Executive-I,Pune,21/11/2023,13-04-2024,21-Nov-2023,EMP10037,Active,,4 - Exceeds,Well placed,Good Manufacturing Practice auditing | Deviation Management | High Performance Liquid Chromatography,eshana.palan@example-pharma.test
EMP10531,Lavanya Soman,11-02-1988,R&D,Analytical R&D,"Senior Executive, Analytical R&D",E2,Mumbai,03-Apr-2015,18-11-2024,18-Nov-2024,EMP10517,Active,,5 - Outstanding,P1,Process Chemistry | HPLC method dev,lavanya.soman@example-pharma.test
EMP10580,Divya Arora,28-01-1979,R&D,Formulation Development,"Executive, Formulation Development",Executive-II,Baddi,08-07-2025,29-11-2025,29-Nov-2025,EMP10543,Active,,3 - Meets,P1,Scale-up | Design of Experiments,divya.arora@example-pharma.test
EMP11254,Brinda Oak,10/12/1982,Corporate,Human Resources,"Executive, Human Resources",E1,Hyderabad,2017-12-11,04-Jul-2024,2024-07-04,EMP11209,Active,,5 - Outstanding,Well placed,Contract Law | Talent Management | IT Infrastructure | Financial Planning & Analysis,brinda.oak@example-pharma.test
EMP10265,Vamakshi Sachdeva,23/07/1983,Quality,Validation,"Executive, Validation",E1,Hyderabad,02-08-2018,2025-01-28,02-Aug-2018,EMP10073,Active,,4 - Exceeds,Growth,HPLC | Batch Record Review | C.A.P.A | Method Validation,vamakshi.sachdeva@example-pharma.test
EMP11212,Ayaan Dyal,04-06-1984,Corporate,Finance,"Senior Executive, Finance",E2,Ahmedabad,05-Jan-2022,24-Jan-2026,2026-01-24,EMP11187,Active,,3 - Meets,P2,IT Infrastructure | Contract Law,ayaan.dyal@example-pharma.test
EMP11153,Jagrati Patla,17-09-1985,Commercial,Sales,"Executive, Sales",E1,Bengaluru,2019-05-07,16/04/2021,2019-05-07,EMP11068,Active,,4 - Exceeds,Growth,CRM Analytics | Market Access | Pricing Strategy,jagrati.patla@example-pharma.test
EMP10955,Nathaniel Dube,11/03/1984,Supply Chain,Warehouse & Distribution,"Senior Executive, Warehouse & Distribution",E2,Hyderabad,02/11/2018,05-Sep-2025,2018-11-02,EMP10934,Active,,4 - Exceeds,P1,Serialisation | Inventory Optimisation,nathaniel.dube@example-pharma.test
EMP10021,  NISHA MUNI ,21-Sep-1987,Quality,Validation,"Manager, Validation",M3,Hyderabad,04-May-2015,29-01-2025,04/05/2015,EMP10012,Active,,3 - Meets,Well placed,Batch Record Review | Deviation Management | hplc analysis,nisha.muni@example-pharma.test
EMP10087,Lekha Datta,1981-02-08,Quality,Validation,"Senior Executive, Validation",E2,Hyderabad,03/09/2025,24-Sep-2025,03-09-2025,EMP10033,Active,,1 - Below,Ready for more,HPLC method dev | Computer System Validation | Deviation Management | C.A.P.A,lekha.datta@example-pharma.test
EMP10678,Dakshesh Deol,13/10/1984,R&D,Formulation Development,"Executive, Formulation Development",E1,Baddi,02-06-2023,2024-06-04,04/06/2024,EMP10551,Active,,4 - Exceeds,Growth,Scale-up | Process Chemistry | High Performance Liquid Chromatography,dakshesh.deol@example-pharma.test
EMP10145,Yutika Virk,22-01-1978,Quality,QA Compliance,"Executive, QA Compliance",E1,Bengaluru,08/07/2021,22-07-2021,08/07/2021,EMP10077,Active,,3 - Meets,Well placed,Stability Studies | Method Validation | Deviation Management | Batch Record Review,yutika.virk@example-pharma.test
EMP10212,Aarav Jani,24-10-1980,Quality,QA Compliance,"Executive, QA Compliance",E1,Bengaluru,10-Jan-2018,11/07/2020,2020-07-11,EMP10077,Active,,4 - Exceeds,Growth,cGMP audit | Deviation Management,aarav.jani@example-pharma.test
EMP10395,Daniel Mangat,01-05-1980,Manufacturing,Engineering,"Executive, Engineering",E1,Ahmedabad,04/04/2017,02/12/2023,02-Dec-2023,EMP10341,Active,,3 - Meets,P2,Aseptic Processing | cGMP audit | Granulation,daniel.mangat@example-pharma.test
EMP10919,Kashvi Master,1987-09-04,Clinical,Medical Affairs,"Executive, Medical Affairs",E1,Baddi,19-Dec-2018,04/03/2020,2018-12-19,EMP10842,Active,,4 - Exceeds,Growth,Clinical Trial Management | Signal Detection | Protocol Design | Medical Writing,kashvi.master@example-pharma.test
EMP10967,Meghana Date,04-Nov-1984,Supply Chain,Procurement,"Executive, Procurement",Executive-II,Baddi,2025-12-31,13-04-2026,13-04-2026,EMP10936,Active,,5 - Outstanding,Well placed,SAP MM | Inventory Optimisation,meghana.date@example-pharma.test
EMP10931,Isha Dewan,1988-01-31,Supply Chain,Planning,"Manager, Planning",M3,Ahmedabad,10-06-2025,2025-10-15,10/06/2025,EMP10924,Active,,4 - Exceeds,P1,S&OP / demand planning | Inventory Optimisation,isha.dewan@example-pharma.test
EMP10487,Hemani Modi,18-11-1978,Manufacturing,OSD Production,"Executive, OSD Production",E1,Baddi,27-Sep-2023,04-Mar-2026,2026-03-04,EMP10325,Active,,4 - Exceeds,Well placed,Aseptic Processing | Tech Transfer,hemani.modi@example-pharma.test
EMP10164,Mekhala Mandal,17/01/1980,Quality,QC Analytical,"Executive, QC Analytical",E1,baddi,09/05/2018,02-Feb-2020,02-Feb-2020,EMP10098,Active,,3 - Meets,P1,Method Validation | GMP Auditing | Stability Studies,mekhala.mandal@example-pharma.test
EMP10156,  SHRAVYA DESHPANDE ,16-06-1978,Quality,QA Compliance,"Executive, QA Compliance",E1,Pune,03/02/2025,27-May-2026,2026-05-27,EMP10089,Active,,5 - Outstanding,Growth,CAPA | HPLC method dev | GMP Auditing | Stability Studies,shravya.deshpande@example-pharma.test
EMP10818,Aryan Balasubramanian,03-May-1984,Clinical,Clinical Operations,"Manager, Clinical Operations",M3,Visakhapatnam,2023-09-25,27-09-2025,25/09/2023,EMP10810,Active,,3 - Meets,Well placed,Pharmacovigilance | GCP Auditing | Clinical Trial Management | Protocol Design,aryan.balasubramanian@example-pharma.test
EMP11015,Udarsh Wason,26-Nov-1979,Supply Chain,Procurement,"Executive, Procurement",Executive-II,Ahmedabad,02/08/2025,23/03/2026,23-03-2026,EMP10936,Active,,5 - Outstanding,Well placed,Serialisation | S&OP / demand planning,udarsh.wason@example-pharma.test
EMP10037,Mitesh Dhawan,25-03-1986,Quality,QA Compliance,"Manager, QA Compliance",M3,Bengaluru,04-03-2018,23-11-2025,23/11/2025,EMP10006,Active,,5 - Outstanding,Well placed,Batch Record Review | capa closure | Deviation Management,mitesh.dhawan@example-pharma.test
EMP10150,Amara Lad,08/06/1982,,Quality Systems,"Executive, Quality Systems",E1,Bengaluru,10/01/2017,02/04/2022,10-01-2017,EMP10083,Active,,3 - Meets,P2,GMP Auditing | Stability Studies | Batch Record Review | Deviation Management,amara.lad@example-pharma.test
EMP11169,Lila Lalla,18-Jun-1985,Commercial,Marketing,"Executive, Marketing",E1,Bengaluru,16-09-2012,13-Oct-2020,13/10/2020,EMP11086,Active,,4 - Exceeds,Ready for more,Tender Management | CRM Analytics | Brand Strategy,lila.lalla@example-pharma.test
EMP10305,Damini Sachar,02-06-1985,Manufacturing,OSD Production,"Manager, OSD Production",M3,Hyderabad,17-11-2021,13-Jan-2023,17-11-2021,EMP10272,Active,,4 - Exceeds,Growth,cGMP audit | Aseptic Processing,damini.sachar@example-pharma.test
EMP10555,Vaishnavi Dara,1983-05-02,R&D,Analytical R&D,"Senior Executive, Analytical R&D",E2,mumbai,2015-07-28,2021-01-28,2021-01-28,EMP10526,Active,,5 - Outstanding,Ready for more,Formulation Development | Design of Experiments | hplc analysis,vaishnavi.dara@example-pharma.test
EMP10196,Mahika Sarraf,15-May-1986,Quality,QC Analytical,"Executive, QC Analytical",Executive-II,Pune,2017-12-23,29-05-2022,29-05-2022,EMP10064,Active,,3 - Meets,Growth,Batch Record Review | Computer System Validation | Stability Studies,mahika.sarraf@example-pharma.test
EMP11224,Lajita Karpe,03/08/1981,Corporate,Finance,"Executive, Finance",E1,Ahmedabad,2020-11-05,15-Apr-2025,2025-04-15,EMP11212,Active,,4 - Exceeds,Well placed,Talent Management | Financial Planning & Analysis,lajita.karpe@example-pharma.test
EMP10118,Lavanya Dhawan,07-Apr-1978,Quality,QC Analytical,"Executive, QC Analytical",E1,Pune,21/12/2014,2025-11-23,23-Nov-2025,EMP10056,Active,,4 - Exceeds,P1,HPLC method dev | Deviation Management,lavanya.dhawan@example-pharma.test
EMP10353,Onveer Saran,09-10-1988,Manufacturing,Engineering,"Senior Executive, Engineering",E2,Pune,02/12/2017,2019-12-22,02/12/2017,EMP10286,Active,,3 - Meets,Ready for more,Granulation | Equipment Qualification | Tech Transfer,onveer.saran@example-pharma.test
EMP10727,Forum Rana,30-09-1982,Regulatory,Regulatory CMC,"Senior Executive, Regulatory CMC",E2,Pune,13-12-2015,25-10-2020,2015-12-13,EMP10694,Active,,3 - Meets,P2,US FDA Liaison | Labelling Compliance | eCTD Publishing | EU MDR,forum.rana@example-pharma.test
EMP10906,Brijesh Chana,16/11/1978,Clinical,Pharmacovigilance,"Executive, Pharmacovigilance",E1,Pune,06-Feb-2022,17-07-2022,17/07/2022,EMP10848,Active,,3 - Meets,Growth,GCP Auditing | PV | Protocol Design | Medical Writing,brijesh.chana@example-pharma.test
EMP11128,Ekbal Bajwa,14/09/1983,Commercial,Marketing,"Executive, Marketing",E1,Pune,24-Apr-2024,04-09-2024,24-04-2024,EMP11071,Active,,4 - Exceeds,Ready for more,Market Access | CRM Analytics | Brand Strategy,ekbal.bajwa@example-pharma.test
EMP10510,Warhi Shankar,10-09-1981,R&D,IP & Patents,"Associate Director, IP & Patents",M4,Ahmedabad,04-Mar-2018,03-01-2022,2022-01-03,EMP10499,Active,,3 - Meets,Well placed,High Performance Liquid Chromatography | Formulation Development | Method Validation | Process Chemistry,warhi.shankar@example-pharma.test
EMP11249,Janani Devi,23/11/1984,Corporate,Finance,"Executive, Finance",E1,Ahmedabad,08-07-2024,19/10/2024,19-Oct-2024,EMP11203,Active,,4 - Exceeds,P1,Financial Planning & Analysis | Talent Management,janani.devi@example-pharma.test
EMP10446,Devika Mandal,08-02-1986,,Sterile Fill-Finish,"Executive, Sterile Fill-Finish",E1,Visakhapatnam,13-Nov-2014,2025-07-03,03-07-2025,EMP10338,Active,,3 - Meets,Growth,cGMP audit | Lean Manufacturing,devika.mandal@example-pharma.test
EMP10600,Shaurya Ganesh,05/07/1987,R&D,Process Chemistry,"Executive, Process Chemistry",E1,Bengaluru,2013-01-30,2022-03-18,2022-03-18,EMP10564,Active,,4 - Exceeds,P1,Method Validation | Formulation Development | Patent Drafting | HPLC,shaurya.ganesh@example-pharma.test
EMP10112,Yamini Bahl,1980-09-10,Quality,Quality Systems,"Executive, Quality Systems",Executive-II,Bengaluru,18-May-2017,2021-12-20,20-Dec-2021,EMP10049,Active,,4 - Exceeds,Growth,Computer System Validation | Stability Studies,yamini.bahl@example-pharma.test
EMP10208,Amara Deol,28-Feb-1986,Quality,Validation,"Executive, Validation",E1,Baddi,02-Jan-2025,02/12/2025,02/01/2025,EMP10073,Active,,5 - Outstanding,P1,Deviation Management | Method Validation,amara.deol@example-pharma.test
EMP11184,Aarush Chacko,28-Dec-1989,Corporate,Human Resources,"Manager, Human Resources",M3,Hyderabad,08-Aug-2021,16/03/2025,16-03-2025,EMP11173,Active,,5 - Outstanding,Growth,IT Infrastructure | Talent Management | Contract Law,aarush.chacko@example-pharma.test
EMP11203,Ranveer Lall,1986-01-30,Corporate,Finance,"Senior Executive, Finance",E2,Ahmedabad,11-Sep-2020,13-Oct-2021,13-10-2021,EMP11187,Exited,2026-04-17,4 - Exceeds,P1,Contract Law | SAP FICO | IT Infrastructure | Talent Management,ranveer.lall@example-pharma.test
EMP10760,Tanveer Pal,20-12-1984,Regulatory,Regulatory Operations,"Executive, Regulatory Operations",E1,Mumbai,23-12-2017,2024-05-01,2017-12-23,EMP10706,Active,,4 - Exceeds,Well placed,Labelling Compliance | US FDA Liaison | eCTD Publishing,tanveer.pal@example-pharma.test
EMP10576,Saanvi Garde,07/09/1983,R&D,Formulation Development,"Executive, Formulation Development",E1,Pune,07-12-2013,2023-11-08,2023-11-08,EMP10536,Active,,3 - Meets,Ready for more,Patent Drafting | Design of Experiments | Scale-up | Process Chemistry,saanvi.garde@example-pharma.test
EMP10247,  ZAYAN SANDAL ,1984-05-20,Quality,QC Analytical,"Executive, QC Analytical",E1,pune,22-12-2023,17/08/2025,22-Dec-2023,EMP10056,Active,,3 - Meets,Well placed,Stability Studies | CSV (21 CFR Part 11),zayan.sandal@example-pharma.test
EMP11145,Dayita Vohra,1978-02-14,Commercial,Sales,"Executive, Sales",Executive-II,Bengaluru,2016-12-24,04/11/2023,24/12/2016,EMP11059,Active,,1 - Below,Well placed,CRM Analytics | Key Account Management | Tender Management | Brand Strategy,dayita.vohra@example-pharma.test
EMP11014,Rohan Krishna,31/07/1978,Supply Chain,Planning,"Executive, Planning",Executive-II,Ahmedabad,2016-03-27,22-Jun-2023,2023-06-22,EMP10963,Active,,3 - Meets,Growth,Demand Planning | Serialisation | Vendor Qualification,rohan.krishna@example-pharma.test
EMP10135,Chavvi Pall,29-Sep-1981,Quality,QC Analytical,"Executive, QC Analytical",E1,Pune,18-11-2014,09-Aug-2023,09-08-2023,EMP10071,Active,,3 - Meets,Well placed,H.P.L.C. | GMP Auditing | C.A.P.A | Batch Record Review,chavvi.pall@example-pharma.test
EMP10220,Lucky Nazareth,1982-01-01,Quality,QA Compliance,"Executive, QA Compliance",E1,Pune,11/03/2026,07-Apr-2026,2026-03-11,EMP10089,Active,,4 - Exceeds,Growth,Stability Studies | CSV | Deviation Management | Method Validation,lucky.nazareth@example-pharma.test
EMP11055,Benjamin Jain,1991-09-13,Commercial,Sales,"Manager, Sales",M3,Bengaluru,16-Oct-2024,08/09/2025,08/09/2025,EMP11036,Active,,3 - Meets,Well placed,Tender Management | CRM Analytics | Market Access | Brand Strategy,benjamin.jain@example-pharma.test
EMP10549,Mohammed Dua,23/04/1990,R&D,IP & Patents,"Senior Executive, IP & Patents",E2,Ahmedabad,09-Nov-2019,16/12/2022,16-12-2022,EMP10524,Active,,2 - Partially Meets,Growth,Design of Experiments | Method Validation | Scale-up | High Performance Liquid Chromatography,mohammed.dua@example-pharma.test
EMP11244,Anvi Pandit,03-May-1986,Corporate,Human Resources,"Executive, Human Resources",E1,Hyderabad,2025-05-13,2025-08-11,11-08-2025,EMP11192,Active,,3 - Meets,Well placed,IT Infrastructure | Talent Management,anvi.pandit@example-pharma.test
EMP11020,Nandini Chhabra,1986-10-27,Supply Chain,Warehouse & Distribution,"Executive, Warehouse & Distribution",Executive-II,Hyderabad,23/04/2015,24-Jul-2023,2023-07-24,EMP10943,Active,,1 - Below,Well placed,Cold Chain Logistics | Inventory Optimisation | Vendor Qualification,nandini.chhabra@example-pharma.test
EMP10384,Zilmil Ravel,08/03/1987,Manufacturing,Engineering,"Executive, Engineering",E1,Pune,30/08/2020,06/10/2022,06-Oct-2022,EMP10331,Active,,3 - Meets,P1,Good Manufacturing Practice auditing | Equipment Qualification | Lean Manufacturing,zilmil.ravel@example-pharma.test
EMP10742,Mitali Murthy,16-Jan-1978,Regulatory,Regulatory Operations,"Executive, Regulatory Operations",E1,Pune,16/06/2018,31-Dec-2019,2019-12-31,EMP10717,Active,,4 - Exceeds,Well placed,eCTD Publishing | Labelling Compliance | Regulatory Strategy,mitali.murthy@example-pharma.test
EMP10911,Forum Chhabra,24-05-1980,Clinical,Pharmacovigilance,"Executive, Pharmacovigilance",E1,Visakhapatnam,26/12/2013,19/02/2026,19/02/2026,EMP10831,Active,,4 - Exceeds,Well placed,Signal Detection | GCP Auditing,forum.chhabra@example-pharma.test
EMP10230,Watika Jaggi,18/08/1985,Quality,QC Analytical,"Executive, QC Analytical",E1,Pune,09-Jul-2021,14-Feb-2024,14/02/2024,EMP10098,Active,,3 - Meets,Growth,Method Validation | H.P.L.C. | cGMP audit | Deviation Management,watika.jaggi@example-pharma.test
EMP10578,Mitesh Lal,05/07/1985,R&D,Analytical R&D,"Executive, Analytical R&D",E1,Pune,03-07-2013,06-03-2025,2025-03-06,EMP10539,Active,,4 - Exceeds,Well placed,Formulation Development | Patent Drafting,mitesh.lal@example-pharma.test
EMP10417,Qasim Bora,04-Feb-1986,Manufacturing,Engineering,"Executive, Engineering",Executive-II,Pune,17-01-2016,26/10/2024,2016-01-17,EMP10312,Active,,4 - Exceeds,Ready for more,Shop Floor Scheduling | Lean Manufacturing | Granulation,qasim.bora@example-pharma.test
EMP11251,Gaurav Iyer,04/09/1979,,IT,"Executive, IT",E1,Bengaluru,2023-01-01,09-Oct-2025,01-01-2023,EMP11205,Active,,4 - Exceeds,Well placed,Data Privacy | Talent Management | Financial Planning & Analysis,gaurav.iyer@example-pharma.test
EMP10223,Chameli Ahuja,22/03/1987,Quality,QC Analytical,"Executive, QC Analytical",E1,Pune,2022-05-17,2024-11-17,2022-05-17,EMP10091,Active,,3 - Meets,Growth,HPLC | Stability Studies | CSV (21 CFR Part 11),chameli.ahuja@example-pharma.test
EMP10098,Warjas Sankar,11-07-1986,Quality,QC Analytical,"Senior Executive, QC Analytical",Executive-I,pune,2015-08-23,22/05/2025,23-08-2015,EMP10016,Active,,3 - Meets,Well placed,CSV (21 CFR Part 11) | CAPA | High Performance Liquid Chromatography | Stability Studies,warjas.sankar@example-pharma.test
EMP11246,Anirudh Biswas,16/02/1979,Corporate,IT,"Executive, IT",E1,Ahmedabad,26-10-2019,31-Jul-2025,31-07-2025,EMP11196,Active,,4 - Exceeds,Well placed,SAP FICO | Talent Management,anirudh.biswas@example-pharma.test
EMP10294,Aahana Nanda,22/05/1988,Manufacturing,OSD Production,"Manager, OSD Production",M3,Hyderabad,19-09-2022,01-05-2025,01-May-2025,EMP10272,Active,,2 - Partially Meets,Well placed,Aseptic Processing | Tech Transfer | Shop Floor Scheduling | GMP Auditing,aahana.nanda@example-pharma.test
EMP10139,Wridesh Thaker,17/06/1979,Quality,Quality Systems,"Executive, Quality Systems",Executive-II,Bengaluru,14-04-2025,13-May-2025,2025-04-14,EMP10072,Active,,3 - Meets,Well placed,hplc analysis | Batch Record Review,wridesh.thaker@example-pharma.test
EMP10095,Yadavi Sethi,1982-06-30,Quality,QA Compliance,"Senior Executive, QA Compliance",E2,Bengaluru,13-07-2021,16/07/2025,13-07-2021,EMP10013,Active,,4 - Exceeds,Well placed,HPLC | Batch Record Review,yadavi.sethi@example-pharma.test
EMP11259,J. Ramachandran,27-Dec-1982,Supply Chain,Warehouse & Distribution,"Executive, Warehouse & Distribution",Executive-II,Hyderabad,2023-03-30,05-04-2026,05/04/2026,EMP10943,Active,,5 - Outstanding,P2,demand planning | Inventory Optimisation | Serialisation | Cold Chain Logistics,j.ramachandran@example-pharma.test
EMP10240,Eesha Tara,07-May-1982,Quality,Quality Systems,"Executive, Quality Systems",Executive-II,Visakhapatnam,16-May-2022,15-Sep-2025,15-Sep-2025,EMP10049,Active,,3 - Meets,Growth,Good Manufacturing Practice auditing | H.P.L.C. | CSV,eesha.tara@example-pharma.test
EMP10653,Aadi Nori,23/11/1985,R&D,Formulation Development,"Executive, Formulation Development",E1,Baddi,05-02-2021,31/01/2024,2024-01-31,EMP10529,Active,,3 - Meets,Growth,Patent Drafting | Formulation Development | Design of Experiments | Process Chemistry,aadi.nori@example-pharma.test
EMP10987,  BISHAKHA SEKHON ,01-Sep-1985,Supply Chain,Procurement,"Executive, Procurement",Executive-II,Visakhapatnam,2019-09-16,27/01/2020,16/09/2019,EMP10957,Active,,4 - Exceeds,Well placed,Vendor Qualification | Cold Chain Logistics | SAP MM,bishakha.sekhon@example-pharma.test
EMP11179,Rajeshri Barad,1978-11-16,Corporate,IT,"Head of IT, Ahmedabad",M4,Ahmedabad,24-09-2018,19/03/2023,24-Sep-2018,EMP11170,Active,,3 - Meets,Well placed,Data Privacy | SAP FICO | Contract Law | Talent Management,rajeshri.barad@example-pharma.test
EMP10327,Parth Sarna,22-Aug-1984,Manufacturing,Sterile Fill-Finish,"Senior Executive, Sterile Fill-Finish",E2,Pune,12-Jul-2018,2020-03-28,28-Mar-2020,EMP10285,Active,,4 - Exceeds,Growth,Aseptic Processing | GMP Auditing,parth.sarna@example-pharma.test
EMP10567,Patrick Pingle,1985-09-09,R&D,Formulation Development,"Executive, Formulation Development",E1,Pune,22-Feb-2018,18-Oct-2020,18-10-2020,EMP10529,Active,,4 - Exceeds,Well placed,Design of Experiments | Process Chemistry | Formulation Development | Method Validation,patrick.pingle@example-pharma.test
EMP11232,Radha Anand,04-04-1982,Corporate,IT,"Executive, IT",Executive-II,Ahmedabad,28/04/2022,04-09-2023,04/09/2023,EMP11196,Active,,3 - Meets,Growth,Data Privacy | Contract Law,radha.anand@example-pharma.test
EMP10401,Gaurang Nagy,05-11-1979,Manufacturing,OSD Production,"Executive, OSD Production",E1,hyderabad,12/06/2021,22-01-2023,22/01/2023,EMP10347,Active,,3 - Meets,Growth,GMP audits | Tech Transfer | Equipment Qualification | Granulation,gaurang.nagy@example-pharma.test
EMP10991,Zarna Korpal,1981-10-02,Supply Chain,Planning,"Executive, Planning",E1,Pune,2022-11-03,2024-12-22,03-11-2022,EMP10963,Active,,3 - Meets,P1,Inventory Optimisation | Cold Chain Logistics | Vendor Qualification,zarna.korpal@example-pharma.test
EMP11099,  ZEHAAN WALLA ,02/06/1980,Commercial,Market Access,"Executive, Market Access",E1,Bengaluru,03/08/2017,02-Mar-2021,2017-08-03,EMP11065,Active,,5 - Outstanding,Well placed,Brand Strategy | CRM Analytics,zehaan.walla@example-pharma.test
EMP11134,Simon Venkataraman,1981-02-22,Commercial,Marketing,"Executive, Marketing",E1,Visakhapatnam,02-09-2016,2025-02-13,13-Feb-2025,EMP11079,Active,,4 - Exceeds,Well placed,Market Access | Brand Strategy,simon.venkataraman@example-pharma.test
EMP10500,Vamakshi Chokshi,17/06/1982,R&D,Formulation Development,"Head of Formulation, Baddi",M4,Baddi,08-Oct-2019,17-04-2024,2019-10-08,EMP10499,Active,,5 - Outstanding,Well placed,Scale-up | Formulation Development | Patent Drafting | Process Chemistry,vamakshi.chokshi@example-pharma.test
EMP10772,Veer Pandya,1983-12-23,Regulatory,Labelling,"Executive, Labelling",E1,Hyderabad,2016-05-28,09/09/2025,2016-05-28,EMP10720,Active,,2 - Partially Meets,Well placed,Abbreviated New Drug Application | US FDA Liaison | EU MDR | Labelling Compliance,veer.pandya@example-pharma.test
EMP10006,Dhruv Shanker,02-04-1985,Quality,QA Compliance,"Head of QA, Bengaluru",M4,bengaluru,2022-10-13,02/09/2025,2022-10-13,EMP10004,Active,,4 - Exceeds,Well placed,GMP Auditing | Deviation Management | Stability Studies | Method Validation,dhruv.shanker@example-pharma.test
EMP11137,Kai Joshi,1987-03-31,Commercial,Market Access,"Executive, Market Access",E1,Bengaluru,2012-12-12,2022-09-20,2012-12-12,EMP11082,Active,,4 - Exceeds,Growth,CRM Analytics | Tender Management | Market Access,kai.joshi@example-pharma.test
EMP10632,Caleb Date,1982-07-11,R&D,IP & Patents,"Executive, IP & Patents",E1,Ahmedabad,02-Jan-2013,06-Mar-2023,02/01/2013,EMP10549,Active,,3 - Meets,Well placed,Formulation Development | Method Validation | Process Chemistry | Patent Drafting,caleb.date@example-pharma.test
EMP10905,Meera Brar,05-05-1980,Clinical,Clinical Operations,"Executive, Clinical Operations",E1,Visakhapatnam,2025-01-20,03/03/2025,20-Jan-2025,EMP10847,Active,,3 - Meets,P3,Clinical Trial Management | GCP Auditing,meera.brar@example-pharma.test
EMP10514,Damini Chatterjee,1986-12-19,R&D,Formulation Development,"Manager, Formulation Development",M3,Baddi,25-07-2014,11/06/2025,11/06/2025,EMP10500,Active,,3 - Meets,Well placed,Method Validation | Design of Experiments | hplc analysis | Process Chemistry,damini.chatterjee@example-pharma.test
EMP10645,Ucchal Iyengar,1985-01-03,R&D,Process Chemistry,"Executive, Process Chemistry",Executive-II,Bengaluru,22-Dec-2016,16/05/2020,22-12-2016,EMP10564,Active,,3 - Meets,P1,Patent Drafting | Method Validation,ucchal.iyengar@example-pharma.test
EMP10810,Kalpit Kumar,15-04-1986,Clinical,Clinical Operations,"Head of Clinical Operations, Visakhapatnam",M4,Visakhapatnam,2023-05-04,18-Jun-2023,2023-06-18,EMP10808,Active,,4 - Exceeds,Well placed,Protocol Design | Signal Detection | Medical Writing | Pharmaco-vigilance,kalpit.kumar@example-pharma.test
EMP10404,Qarin Bera,1980-07-26,Manufacturing,Sterile Fill-Finish,"Executive, Sterile Fill-Finish",Executive-II,Pune,14-02-2022,23/06/2024,2024-06-23,EMP10351,Active,,3 - Meets,Growth,Aseptic Processing | Tech Transfer | Granulation | cGMP audit,qarin.bera@example-pharma.test
EMP10490,Zaid Narayan,07-02-1981,Manufacturing,Sterile Fill-Finish,"Executive, Sterile Fill-Finish",E1,Pune,05-Sep-2018,31-01-2026,31-01-2026,EMP10327,Active,,3 - Meets,Growth,Granulation | Lean Manufacturing | Tech Transfer | Shop Floor Scheduling,zaid.narayan@example-pharma.test
EMP10372,Aarnav Nair,06-Jan-1987,Manufacturing,Engineering,"Executive, Engineering",Executive-II,Pune,10-01-2026,05-02-2026,05/02/2026,EMP10321,Active,,5 - Outstanding,Growth,Aseptic Processing | Granulation | Tech Transfer,aarnav.nair@example-pharma.test
EMP11012,Jeevika Prabhakar,28-11-1983,Supply Chain,Procurement,"Executive, Procurement",E1,Mumbai,03-Feb-2022,15/01/2026,03-02-2022,EMP10961,Active,,3 - Meets,Well placed,Vendor Qualification | demand planning,jeevika.prabhakar@example-pharma.test
EMP10282,Ekani Bahl,03-Oct-1988,Manufacturing,OSD Production,"Manager, OSD Production",M3,Hyderabad,14-Jan-2024,23-Jun-2026,23-06-2026,EMP10272,Active,,5 - Outstanding,Growth,Granulation | Shop Floor Scheduling,ekani.bahl@example-pharma.test
EMP10055,Falguni Andra,02/11/1986,Quality,QA Compliance,"Senior Executive, QA Compliance",E2,Bengaluru,2015-09-14,23-Oct-2020,23-10-2020,EMP10024,Active,,4 - Exceeds,Well placed,Batch Record Review | Deviation Management | CSV | Stability Studies,falguni.andra@example-pharma.test
EMP10168,Advika Sunder,15-Oct-1980,Quality,Quality Systems,"Executive, Quality Systems",E1,Pune,27/05/2018,18/06/2020,18-Jun-2020,EMP10102,Active,,5 - Outstanding,Ready for more,Batch Record Review | CSV (21 CFR Part 11) | Good Manufacturing Practice auditing | Method Validation,advika.sunder@example-pharma.test
EMP10924,Farhan Bora,23/04/1976,Supply Chain,Planning,"Head of Procurement, Ahmedabad",M4,ahmedabad,2018-09-12,2024-02-03,03-Feb-2024,EMP10921,Active,,5 - Outstanding,Well placed,Vendor Qualification | S&OP / demand planning | Inventory Optimisation | Serialisation,farhan.bora@example-pharma.test
EMP10947,Devansh Rama,25/08/1990,Supply Chain,Procurement,"Senior Executive, Procurement",E2,Ahmedabad,13-Feb-2017,2025-06-23,23-Jun-2025,EMP10930,Active,,3 - Meets,Well placed,Cold Chain Logistics | SAP MM,devansh.rama@example-pharma.test
EMP10237,Ayaan Krish,24/12/1986,Quality,QA Compliance,"Executive, QA Compliance",E1,Baddi,2023-03-17,29/05/2026,17-03-2023,EMP10042,Active,,3 - Meets,Well placed,Stability Studies | High Performance Liquid Chromatography | C.A.P.A | Good Manufacturing Practice auditing,ayaan.krish@example-pharma.test
EMP10561,Hritik Trivedi,17/02/1990,R&D,Analytical R&D,"Senior Executive, Analytical R&D",E2,Mumbai,26/12/2021,11/02/2026,11/02/2026,EMP10517,Active,,3 - Meets,Growth,Formulation Development | Scale-up,hritik.trivedi@example-pharma.test
EMP11214,Teerth Venkatesh,04/02/1978,Corporate,Finance,"Executive, Finance",E1,Ahmedabad,16-06-2015,2024-12-26,26-Dec-2024,EMP11195,Active,,1 - Below,Growth,Contract Law | SAP FICO | Financial Planning & Analysis,teerth.venkatesh@example-pharma.test
EMP10526,Chandani Vohra,03-Mar-1991,R&D,Analytical R&D,"Manager, Analytical R&D",M3,Mumbai,27/01/2022,31/03/2024,27-01-2022,EMP10503,Active,,5 - Outstanding,Well placed,Patent Drafting | HPLC | Scale-up,chandani.vohra@example-pharma.test
EMP10535,Vaishnavi Nath,16/10/1980,R&D,IP & Patents,"Senior Executive, IP & Patents",Executive-I,Ahmedabad,2014-10-19,11-12-2025,19/10/2014,EMP10524,Active,,3 - Meets,Well placed,Method Validation | Formulation Development,vaishnavi.nath@example-pharma.test
EMP10028,Dhriti Mammen,26/02/1991,Quality,QC Analytical,"Manager, QC Analytical",M3,pune,19-02-2015,19-04-2021,2021-04-19,EMP10007,Active,,5 - Outstanding,Well placed,Stability Studies | Deviation Management | CAPA,dhriti.mammen@example-pharma.test
EMP10411,Januja Kuruvilla,20/08/1979,Manufacturing,OSD Production,"Executive, OSD Production",E1,Pune,15-06-2017,2023-04-09,15-06-2017,EMP10306,Active,,4 - Exceeds,Growth,Equipment Qualification | Lean Manufacturing | Shop Floor Scheduling,januja.kuruvilla@example-pharma.test
EMP10709,Darsh Atwal,09-Mar-1986,Regulatory,Labelling,"Senior Executive, Labelling",E2,Hyderabad,25-Apr-2021,2026-05-31,25-Apr-2021,EMP10699,Active,,4 - Exceeds,P2,ANDA Filings | Labelling Compliance | EU MDR | US FDA Liaison,darsh.atwal@example-pharma.test
EMP10393,Oliver Keer,13/12/1985,Manufacturing,Sterile Fill-Finish,"Executive, Sterile Fill-Finish",E1,Visakhapatnam,23/06/2023,06-Oct-2023,06-10-2023,EMP10338,Notice,,4 - Exceeds,Ready for more,Shop Floor Scheduling | Equipment Qualification | GMP audits,oliver.keer@example-pharma.test
EMP10524,Falguni Pingle,06-Oct-1987,R&D,IP & Patents,"Manager, IP & Patents",M3,Ahmedabad,25-10-2020,21-11-2025,21-Nov-2025,EMP10510,Active,,3 - Meets,P1,Design of Experiments | Formulation Development | Patent Drafting | Scale-up,falguni.pingle@example-pharma.test
EMP10472,Veda Chowdhury,03-11-1979,Manufacturing,Engineering,"Executive, Engineering",E1,Pune,17-Jun-2021,26/12/2024,2021-06-17,EMP10312,Active,,4 - Exceeds,Growth,Lean Manufacturing | Shop Floor Scheduling | Equipment Qualification,veda.chowdhury@example-pharma.test
EMP10506,Aarna Ghosh,18-10-1979,R&D,Process Chemistry,"Head of Process Chemistry, Bengaluru",M4,Bengaluru,08-Jul-2012,31/07/2024,31-Jul-2024,EMP10499,Active,,4 - Exceeds,Well placed,Patent Drafting | Process Chemistry | Design of Experiments | HPLC,aarna.ghosh@example-pharma.test
EMP10671,Vaishnavi Prakash,06/11/1983,R&D,Process Chemistry,"Executive, Process Chemistry",E1,Mumbai,2022-04-03,27-Oct-2024,27-Oct-2024,EMP10548,Active,,3 - Meets,Well placed,Design of Experiments | Formulation Development | Method Validation | Process Chemistry,vaishnavi.prakash@example-pharma.test
EMP11053,Girish Mishra,17-Jun-1992,Commercial,Market Access,"Manager, Market Access",M3,bengaluru,24-11-2017,08-04-2023,2023-04-08,EMP11043,Active,,3 - Meets,Well placed,Pricing Strategy | Brand Strategy,girish.mishra@example-pharma.test
EMP10301,Robert Bora,21-02-1986,Manufacturing,Packaging,"Manager, Packaging",M3,Baddi,22/09/2019,01-05-2026,2026-05-01,EMP10279,Active,,5 - Outstanding,Well placed,Tech Transfer | Equipment Qualification | Granulation | Lean Manufacturing,robert.bora@example-pharma.test
EMP10159,Megha Anne,05/12/1981,Quality,QC Analytical,"Executive, QC Analytical",E1,Pune,21/02/2019,28-Apr-2026,28-04-2026,EMP10091,Active,,3 - Meets,Ready for more,cGMP audit | Deviation Management | H.P.L.C.,megha.anne@example-pharma.test
EMP10821,Dhriti Solanki,29-Oct-1985,Clinical,Pharmacovigilance,"Manager, Pharmacovigilance",M3,Pune,2022-10-18,2024-11-10,10-Nov-2024,EMP10814,Active,,3 - Meets,Well placed,Medical Writing | PV | Protocol Design,dhriti.solanki@example-pharma.test
EMP10573,Gautami Krishna,14-11-1978,R&D,IP & Patents,"Executive, IP & Patents",E1,Ahmedabad,15-03-2016,2026-05-25,25-May-2026,EMP10535,Active,,3 - Meets,Growth,hplc analysis | Formulation Development | Design of Experiments,gautami.krishna@example-pharma.test
EMP10664,Falak Som,07/09/1979,R&D,Formulation Development,"Executive, Formulation Development",Executive-II,Pune,2021-08-25,11/11/2025,11-Nov-2025,EMP10536,Active,,2 - Partially Meets,Ready for more,Patent Drafting | hplc analysis | Scale-up | Process Chemistry,falak.som@example-pharma.test
EMP10699,  HARINI BRAHMBHATT ,11-Jul-1987,Regulatory,Labelling,"Manager, Labelling",M3,Hyderabad,27/10/2014,02-Feb-2021,02/02/2021,EMP10691,Active,,3 - Meets,Growth,Regulatory Strategy | eCTD Publishing,harini.brahmbhatt@example-pharma.test
EMP10420,Maya Mani,1985-08-14,,Packaging,"Executive, Packaging",E1,Baddi,2022-02-15,11/09/2022,11/09/2022,EMP10313,Active,,3 - Meets,Growth,cGMP audit | Aseptic Processing | Shop Floor Scheduling,maya.mani@example-pharma.test
EMP10219,Kavya Viswanathan,09-03-1979,Quality,Validation,"Executive, Validation",E1,Hyderabad,2019-04-22,2026-01-20,20-01-2026,EMP10087,Active,,1 - Below,Well placed,Deviation Management | GMP Auditing,kavya.viswanathan@example-pharma.test
EMP10769,Caleb Sibal,03-Sep-1985,Regulatory,Regulatory Operations,"Executive, Regulatory Operations",E1,Pune,24-04-2025,18/06/2025,2025-06-18,EMP10717,Active,,3 - Meets,Growth,EU MDR | Abbreviated New Drug Application | eCTD Publishing,caleb.sibal@example-pharma.test
EMP11047,Divya More,31-07-1988,Commercial,Sales,"Manager, Sales",M3,Bengaluru,2025-11-23,09/01/2026,23/11/2025,EMP11036,Active,,2 - Partially Meets,P1,Tender Management | Key Account Management | Pricing Strategy,divya.more@example-pharma.test
EMP10482,Indali Ranganathan,18-10-1977,Manufacturing,Engineering,"Executive, Engineering",E1,Pune,16-02-2026,09/04/2026,16-02-2026,EMP10321,Active,,3 - Meets,P1,Tech Transfer | Granulation | cGMP audit,indali.ranganathan@example-pharma.test
EMP11228,Madhavi Bala,18-06-1979,Corporate,Human Resources,"Executive, Human Resources",E1,Ahmedabad,05/05/2021,07/05/2021,07/05/2021,EMP11192,Active,,4 - Exceeds,P1,SAP FICO | Data Privacy | Financial Planning & Analysis,madhavi.bala@example-pharma.test
EMP10325,  OMAJA OM ,29-Jan-1982,Manufacturing,OSD Production,"Senior Executive, OSD Production",E2,Pune,17-07-2020,2021-07-24,24-07-2021,EMP10325,Active,,2 - Partially Meets,Well placed,Shop Floor Scheduling | Equipment Qualification,omaja.om@example-pharma.test
EMP10269,Ekapad Sharaf,1984-12-06,Quality,QA Compliance,"Executive, QA Compliance",E1,Bengaluru,29/10/2022,26/03/2024,29-10-2022,EMP10077,Active,,3 - Meets,Well placed,Batch Record Review | Stability Studies | CSV (21 CFR Part 11),ekapad.sharaf@example-pharma.test
EMP10539,Chandani Varkey,18-08-1989,R&D,Analytical R&D,"Senior Executive, Analytical R&D",E2,Mumbai,04/03/2026,11-Apr-2026,04/03/2026,EMP10526,Active,,3 - Meets,Well placed,Formulation Development | HPLC,chandani.varkey@example-pharma.test
EMP10853,Mitesh Dube,1983-03-03,Clinical,Pharmacovigilance,"Executive, Pharmacovigilance",E1,Visakhapatnam,01/06/2025,11/07/2025,01/06/2025,EMP10831,Active,,4 - Exceeds,Growth,Protocol Design | GCP Auditing | Medical Writing,mitesh.dube@example-pharma.test
EMP10994,  JEET MAND ,1983-11-11,Supply Chain,Procurement,"Executive, Procurement",E1,Baddi,2014-06-02,2020-08-03,03-Aug-2020,EMP10936,Active,,4 - Exceeds,Ready for more,Serialisation | Inventory Optimisation,jeet.mand@example-pharma.test
EMP10844,  EKANI NANDA ,29-11-1989,Clinical,Clinical Operations,"Senior Executive, Clinical Operations",E2,Visakhapatnam,06/08/2018,2022-12-01,2018-08-06,EMP10825,Active,,3 - Meets,Well placed,Signal Detection | pharmacovigilence | Protocol Design | Clinical Trial Management,ekani.nanda@example-pharma.test
EMP11234,Nakul Gour,1977-10-20,Corporate,Human Resources,"Executive, Human Resources",E1,Hyderabad,2022-02-22,2023-04-09,09-Apr-2023,EMP11200,Active,,4 - Exceeds,Well placed,IT Infrastructure | Financial Planning & Analysis | SAP FICO,nakul.gour@example-pharma.test
EMP10649,Omkaar Verma,09/11/1986,R&D,IP & Patents,"Executive, IP & Patents",E1,Ahmedabad,20/05/2021,15-Dec-2023,20-05-2021,EMP10565,Active,,3 - Meets,Growth,High Performance Liquid Chromatography | Scale-up,omkaar.verma@example-pharma.test
EMP10814,Chandran Ray,1981-08-02,Clinical,Pharmacovigilance,"Head of Pharmacovigilance, Pune",M4,Pune,2023-04-13,2024-01-31,31/01/2024,EMP10808,Active,,5 - Outstanding,Growth,GCP Auditing | Protocol Design | Signal Detection | Medical Writing,chandran.ray@example-pharma.test
EMP11144,Kabir Arya,30-09-1979,Commercial,Marketing,"Executive, Marketing",E1,Visakhapatnam,30-Sep-2024,22-10-2025,22-Oct-2025,EMP11090,Active,,3 - Meets,Growth,Key Account Management | Pricing Strategy,kabir.arya@example-pharma.test
EMP10116,Isaac Raval,10-May-1986,Quality,QA Compliance,"Executive, QA Compliance",E1,bengaluru,2021-05-29,08-11-2021,08/11/2021,EMP10055,Active,,4 - Exceeds,P1,CSV | capa closure,isaac.raval@example-pharma.test
EMP10857,Chaitaly Ganesh,18/09/1981,Clinical,Medical Affairs,"Executive, Medical Affairs",E1,Hyderabad,27-06-2012,04-02-2026,04-02-2026,EMP10834,Active,,4 - Exceeds,Growth,Pharmacovigilance | Clinical Trial Management | Signal Detection,chaitaly.ganesh@example-pharma.test
EMP11082,Finn Singhal,1988-01-04,Commercial,Market Access,"Senior Executive, Market Access",E2,Bengaluru,2022-01-22,12/01/2026,2026-01-12,EMP11053,Active,,3 - Meets,Ready for more,Brand Strategy | Key Account Management,finn.singhal@example-pharma.test
EMP11111,Warda Setty,1984-01-17,Commercial,Marketing,"Executive, Marketing",E1,Visakhapatnam,21/12/2022,22/10/2023,21-12-2022,EMP11079,Active,,4 - Exceeds,Well placed,Market Access | Pricing Strategy | Tender Management,warda.setty@example-pharma.test
EMP11222,Abeer Saraf,06/04/1978,Corporate,IT,"Executive, IT",E1,Bengaluru,07-12-2017,15-05-2022,2017-12-07,EMP11205,Active,,4 - Exceeds,Growth,IT Infrastructure | SAP FICO,abeer.saraf@example-pharma.test
EMP10195,Sathvik Narasimhan,31-01-1981,Quality,QA Compliance,"Executive, QA Compliance",Executive-II,Hyderabad,29-Mar-2018,2021-04-09,29/03/2018,EMP10060,Active,,3 - Meets,Well placed,Deviation Management | GMP Auditing | capa closure,sathvik.narasimhan@example-pharma.test
EMP10717,Ati Pillai,06-May-1985,Regulatory,Regulatory Operations,"Senior Executive, Regulatory Operations",E2,Pune,2019-09-12,02-03-2020,2019-09-12,EMP10698,Active,,4 - Exceeds,Well placed,EU MDR | eCTD Publishing | ANDA Filings | Labelling Compliance,ati.pillai@example-pharma.test
EMP10170,Radhika Bala,05-Dec-1985,Quality,Validation,"Executive, Validation",E1,Baddi,07-09-2015,2025-02-18,07-Sep-2015,EMP10104,Active,,5 - Outstanding,Well placed,High Performance Liquid Chromatography | Batch Record Review | cGMP audit,radhika.bala@example-pharma.test
EMP10341,Akshay Patla,21/06/1982,Manufacturing,Engineering,"Senior Executive, Engineering",E2,Ahmedabad,26-12-2012,24-07-2022,24-Jul-2022,EMP10300,Active,,4 - Exceeds,Well placed,Equipment Qualification | Good Manufacturing Practice auditing,akshay.patla@example-pharma.test
EMP10249,Jagvi Ben,30-Apr-1986,Quality,Quality Systems,"Executive, Quality Systems",E1,Hyderabad,2016-07-10,25/06/2025,25/06/2025,EMP10057,Active,,3 - Meets,Growth,Deviation Management | Computer System Validation,jagvi.ben@example-pharma.test
EMP11036,Ikshita Zacharia,06-Apr-1979,Commercial,Sales,"Head of Sales, Bengaluru",M4,Bengaluru,19-05-2017,07/08/2023,2023-08-07,EMP10923,Active,,4 - Exceeds,Growth,Pricing Strategy | Tender Management | Brand Strategy | Key Account Management,ikshita.zacharia@example-pharma.test
EMP10464,Aditya Bhargava,1983-06-11,Manufacturing,Packaging,"Executive, Packaging",E1,Baddi,03-May-2020,2023-08-27,27/08/2023,EMP10355,Active,,4 - Exceeds,Growth,Equipment Qualification | Tech Transfer,aditya.bhargava@example-pharma.test
EMP11209,Wakeeta Bhatia,05/04/1981,Corporate,Human Resources,"Senior Executive, Human Resources",E2,Hyderabad,2018-07-15,31-03-2026,31-Mar-2026,EMP11184,Active,,4 - Exceeds,Growth,Contract Law | Data Privacy | Talent Management | Financial Planning & Analysis,wakeeta.bhatia@example-pharma.test
EMP10174,  KEYA KHARE ,11/05/1978,Quality,QA Compliance,"Executive, QA Compliance",E1,Visakhapatnam,19-06-2023,22-Jan-2025,19-Jun-2023,EMP10105,Active,,5 - Outstanding,Well placed,Method Validation | C.A.P.A,keya.khare@example-pharma.test
EMP10272,Triya Issac,12-05-1988,Manufacturing,OSD Production,Plant Head,M4,Hyderabad,13/10/2019,07-May-2025,07-May-2025,EMP10270,Active,,3 - Meets,P1,Tech Transfer | Good Manufacturing Practice auditing | Aseptic Processing | Granulation,triya.issac@example-pharma.test
EMP10935,Michael Yogi,27-Jan-1984,Supply Chain,Procurement,"Manager, Procurement",Manager-II,Pune,27/12/2021,05-Jun-2026,05-06-2026,EMP10923,Active,,4 - Exceeds,Growth,Serialisation | Cold Chain Logistics | SAP MM,michael.yogi@example-pharma.test
EMP10383,Indali Tandon,1984-02-18,Manufacturing,Sterile Fill-Finish,"Executive, Sterile Fill-Finish",E1,Pune,08-Jul-2016,30-Aug-2019,30-Aug-2019,EMP10327,Notice,,2 - Partially Meets,Well placed,Good Manufacturing Practice auditing | Lean Manufacturing | Tech Transfer,indali.tandon@example-pharma.test
EMP10912,Diya Sachar,1982-05-14,Clinical,Medical Affairs,"Executive, Medical Affairs",E1,hyderabad,08/09/2023,20/04/2025,20-04-2025,EMP10834,Active,,3 - Meets,P3,Protocol Design | Clinical Trial Management,diya.sachar@example-pharma.test
EMP10476,Divya Contractor,09-03-1980,Manufacturing,Packaging,"Executive, Packaging",E1,baddi,18/09/2014,2021-06-24,2021-06-24,EMP10313,Active,,4 - Exceeds,Ready for more,cGMP audit | Equipment Qualification | Granulation,divya.contractor@example-pharma.test
EMP10945,Manthan Bhandari,09-Sep-1984,Supply Chain,Procurement,"Senior Executive, Procurement",E2,Pune,18-06-2020,16-08-2021,2021-08-16,EMP10935,Active,,4 - Exceeds,Well placed,Vendor Qualification | SAP MM | Inventory Optimisation,manthan.bhandari@example-pharma.test
EMP11089,Harinakshi Oommen,1990-07-17,,Sales,"Senior Executive, Sales",E2,Bengaluru,27-Jun-2021,13/06/2022,2022-06-13,EMP11047,Active,,3 - Meets,Growth,Key Account Management | Market Access | Pricing Strategy,harinakshi.oommen@example-pharma.test
EMP10191,Balveer Deol,1977-10-07,Quality,Quality Systems,"Executive, Quality Systems",E1,Bengaluru,18-Oct-2016,2024-09-14,2024-09-14,EMP10057,Active,,3 - Meets,Growth,GMP Auditing | Deviation Management | Computer System Validation,balveer.deol@example-pharma.test
EMP10477,Daksh Guha,05-Jan-1984,Manufacturing,OSD Production,"Executive, OSD Production",E1,Hyderabad,2022-09-11,05-Nov-2023,05-11-2023,EMP10315,Active,,3 - Meets,P3,cGMP audit | Shop Floor Scheduling,daksh.guha@example-pharma.test
EMP10797,Upkaar Bhakta,01-12-1983,Regulatory,Regulatory CMC,"Executive, Regulatory CMC",E1,Pune,16-10-2013,23/06/2020,2020-06-23,EMP10715,Active,,4 - Exceeds,Well placed,Labelling Compliance | eCTD Publishing | EU MDR | Regulatory Strategy,upkaar.bhakta@example-pharma.test
EMP11237,Ishani Shetty,1979-01-29,,IT,"Executive, IT",E1,Bengaluru,19-08-2018,22/12/2024,19/08/2018,EMP11205,Active,,4 - Exceeds,Growth,Data Privacy | SAP FICO | Contract Law,ishani.shetty@example-pharma.test
EMP11139,Advaith Soni,1986-11-16,Commercial,Sales,"Executive, Sales",Executive-II,Bengaluru,11-01-2016,11-Dec-2024,11-Dec-2024,EMP11084,Active,,5 - Outstanding,Well placed,Key Account Management | CRM Analytics,advaith.soni@example-pharma.test
EMP10564,Gabriel Date,1984-12-18,R&D,Process Chemistry,"Senior Executive, Process Chemistry",E2,Bengaluru,2025-10-31,08/04/2026,31/10/2025,EMP10521,Active,,3 - Meets,P2,Process Chemistry | Patent Drafting,gabriel.date@example-pharma.test
EMP10331,Ira Taneja,16-Jan-1990,Manufacturing,Engineering,"Senior Executive, Engineering",E2,pune,11-Jul-2012,16-Nov-2023,11/07/2012,EMP10286,Active,,4 - Exceeds,P1,Aseptic Processing | GMP Auditing,ira.taneja@example-pharma.test
EMP11058,Dayita Dar,1983-11-25,Commercial,Marketing,"Manager, Marketing",M3,Pune,31/12/2018,17/12/2024,17-Dec-2024,EMP11040,Active,,3 - Meets,Well placed,CRM Analytics | Tender Management | Pricing Strategy,dayita.dar@example-pharma.test
EMP10930,Vritti Virk,05/02/1985,Supply Chain,Procurement,"Manager, Procurement",M3,Baddi,17-Sep-2012,01/06/2025,01-06-2025,EMP10923,Active,,5 - Outstanding,P1,Demand Planning | Inventory Optimisation,vritti.virk@example-pharma.test
EMP10032,Qabil Dugal,14/08/1984,Quality,Quality Systems,"Manager, Quality Systems",M3,Bengaluru,2023-01-21,2024-08-02,02-Aug-2024,EMP10008,Active,,3 - Meets,Well placed,Deviation Management | Stability Studies | Computer System Validation,qabil.dugal@example-pharma.test
EMP10448,Yochana Lal,07-08-1984,Manufacturing,Engineering,"Executive, Engineering",E1,Ahmedabad,19/03/2024,28/11/2025,19/03/2024,EMP10341,Active,,4 - Exceeds,P2,GMP audits | Granulation | Lean Manufacturing | Equipment Qualification,yochana.lal@example-pharma.test
EMP10861,Saanvi Thaman,1984-02-13,Clinical,Clinical Operations,"Executive, Clinical Operations",E1,Visakhapatnam,11/12/2015,06-Jun-2023,06-06-2023,EMP10836,Active,,4 - Exceeds,Ready for more,Clinical Trial Management | GCP Auditing | Protocol Design | Medical Writing,saanvi.thaman@example-pharma.test
EMP10639,Mekhala Ghosh,1978-07-25,R&D,Formulation Development,"Executive, Formulation Development",E1,Baddi,03-May-2019,2022-06-14,14/06/2022,EMP10559,Active,,3 - Meets,Well placed,Design of Experiments | Scale-up | Formulation Development,mekhala.ghosh@example-pharma.test
EMP10592,Gagan Kata,26-Jun-1986,R&D,Formulation Development,"Executive, Formulation Development",E1,baddi,19-08-2012,05-11-2020,2020-11-05,EMP10551,Active,,4 - Exceeds,P1,Patent Drafting | Process Chemistry | Scale-up,gagan.kata@example-pharma.test
EMP11104,Brijesh Natt,25-01-1978,Commercial,Marketing,"Executive, Marketing",E1,Pune,15-08-2012,28-03-2023,28-03-2023,EMP11071,Active,,4 - Exceeds,Well placed,Brand Strategy | Pricing Strategy,brijesh.natt@example-pharma.test
EMP10880,Benjamin Wason,24-Sep-1987,Clinical,Clinical Operations,"Executive, Clinical Operations",E1,Visakhapatnam,27-10-2014,31/05/2024,31/05/2024,EMP10827,Active,,3 - Meets,Well placed,Protocol Design | Clinical Trial Management | Signal Detection,benjamin.wason@example-pharma.test
EMP10016,Harrison Raman,1987-10-25,Quality,QC Analytical,"Manager, QC Analytical",M3,pune,20-Apr-2016,06-01-2021,06/01/2021,EMP10007,Active,,3 - Meets,Well placed,Batch Record Review | Method Validation | capa closure | Stability Studies,harrison.raman@example-pharma.test
EMP10744,Nachiket Balasubramanian,01-Oct-1980,Regulatory,Labelling,"Executive, Labelling",E1,Ahmedabad,26/08/2025,10-01-2026,2025-08-26,EMP10720,Active,,3 - Meets,Growth,Labelling Compliance | US FDA Liaison | Abbreviated New Drug Application | EU MDR,nachiket.balasubramanian@example-pharma.test
EMP10483,Bhavya Sagar,15-Jan-1987,Manufacturing,Packaging,"Executive, Packaging",E1,Visakhapatnam,30-10-2019,30-Jan-2020,30-Jan-2020,EMP10322,Active,,3 - Meets,Ready for more,Aseptic Processing | Shop Floor Scheduling,bhavya.sagar@example-pharma.test
EMP10801,Zaitra Bhardwaj,01-11-1982,Regulatory,Regulatory Operations,"Executive, Regulatory Operations",E1,pune,15-10-2019,31/10/2019,31-Oct-2019,EMP10717,Active,,4 - Exceeds,P2,Regulatory Strategy | EU MDR,zaitra.bhardwaj@example-pharma.test
EMP10091,Mugdha Sarma,05/09/1983,Quality,QC Analytical,"Senior Executive, QC Analytical",Executive-I,Pune,11-Aug-2024,22/09/2025,11/08/2024,EMP10040,Active,,2 - Partially Meets,Well placed,cGMP audit | Method Validation | Stability Studies,mugdha.sarma@example-pharma.test
EMP10057,Januja Gandhi,12/02/1984,Quality,Quality Systems,"Senior Executive, Quality Systems",E2,Bengaluru,12-Feb-2015,09-Nov-2025,09-Nov-2025,EMP10032,Active,,5 - Outstanding,Growth,CSV | Method Validation,januja.gandhi@example-pharma.test
EMP10943,Ryan Chaudhary,06-02-1985,Supply Chain,Warehouse & Distribution,"Senior Executive, Warehouse & Distribution",E2,Hyderabad,01/11/2021,02/06/2026,2026-06-02,EMP10934,Active,,4 - Exceeds,Growth,SAP MM | Serialisation | Demand Planning,ryan.chaudhary@example-pharma.test
EMP10619,Falan Narayanan,30/10/1979,R&D,Analytical R&D,"Executive, Analytical R&D",E1,visakhapatnam,16/10/2016,20/06/2024,20-06-2024,EMP10539,Active,,3 - Meets,Ready for more,High Performance Liquid Chromatography | Scale-up | Formulation Development,falan.narayanan@example-pharma.test
EMP10114,Aishani Kar,17-Aug-1982,Quality,Validation,"Executive, Validation",E1,hyderabad,23-05-2021,2024-03-31,2021-05-23,EMP10053,Active,,5 - Outstanding,P1,GMP Auditing | Batch Record Review,aishani.kar@example-pharma.test
EMP10972,Pallavi Keer,1984-04-15,Supply Chain,Warehouse & Distribution,"Executive, Warehouse & Distribution",E1,Hyderabad,17-Jan-2016,2025-03-30,17-01-2016,EMP10943,Active,,3 - Meets,Well placed,Inventory Optimisation | Serialisation | Cold Chain Logistics | SAP MM,pallavi.keer@example-pharma.test
EMP10274,Veda Mangat,05/06/1988,Manufacturing,Sterile Fill-Finish,"Head of Production, Pune",M4,Pune,2014-02-04,03-09-2021,03-09-2021,EMP10270,Active,,3 - Meets,Well placed,Shop Floor Scheduling | Aseptic Processing | Granulation | Tech Transfer,veda.mangat@example-pharma.test
EMP10666,Oscar Pathak,11-05-1983,R&D,Analytical R&D,"Executive, Analytical R&D",Executive-II,Mumbai,21-Apr-2024,2025-11-24,2025-11-24,EMP10539,Active,,3 - Meets,Well placed,Design of Experiments | Method Validation | Formulation Development | Patent Drafting,oscar.pathak@example-pharma.test
EMP10975,Aadhya Kale,1978-05-02,Supply Chain,Procurement,"Executive, Procurement",E1,Pune,24-Jul-2017,2022-01-18,18-Jan-2022,EMP10945,Active,,4 - Exceeds,Ready for more,Vendor Qualification | Inventory Optimisation | Serialisation | SAP MM,aadhya.kale@example-pharma.test
EMP10148,Amara Prakash,1979-11-02,Quality,QC Analytical,"Executive, QC Analytical",E1,Pune,04-12-2020,15-02-2021,2020-12-04,EMP10079,Active,,4 - Exceeds,Growth,Method Validation | HPLC | Computer System Validation | Batch Record Review,amara.prakash@example-pharma.test
EMP10768,Lucky Borah,08-10-1984,,Regulatory CMC,"Executive, Regulatory CMC",E1,Mumbai,01/01/2022,02-Sep-2025,02/09/2025,EMP10715,Active,,3 - Meets,P2,EU MDR | Regulatory Strategy | eCTD Publishing,lucky.borah@example-pharma.test
EMP10887,Gavin Bhargava,1981-08-04,Clinical,Medical Affairs,"Executive, Medical Affairs",E1,Hyderabad,21-Feb-2018,23-Mar-2026,21-02-2018,EMP10834,Active,,3 - Meets,Well placed,GCP Auditing | Signal Detection | Pharmaco-vigilance | Clinical Trial Management,gavin.bhargava@example-pharma.test
EMP11116,Kritika Chandra,17/10/1982,Commercial,Marketing,"Executive, Marketing",E1,Baddi,2019-10-29,2021-04-27,27-Apr-2021,EMP11086,Active,,4 - Exceeds,Well placed,Market Access | Brand Strategy,kritika.chandra@example-pharma.test
EMP10559,Riya Kalla,19/11/1981,R&D,Formulation Development,"Senior Executive, Formulation Development",Executive-I,Baddi,20-11-2023,11/06/2025,11/06/2025,EMP10514,Active,,5 - Outstanding,Well placed,Formulation Development | Method Validation,riya.kalla@example-pharma.test
EMP10180,Gaurika Krish,1987-08-06,Quality,QC Analytical,"Executive, QC Analytical",E1,pune,2013-04-11,2025-11-27,2013-04-11,EMP10046,Active,,3 - Meets,Growth,Batch Record Review | cGMP audit | Method Validation | High Performance Liquid Chromatography,gaurika.krish@example-pharma.test
EMP11190,Janya Ram,30/10/1983,Corporate,IT,"Manager, IT",M3,Ahmedabad,26-Jul-2020,12-06-2025,12-06-2025,EMP11179,Active,,4 - Exceeds,Well placed,Financial Planning & Analysis | Talent Management | Data Privacy,janya.ram@example-pharma.test
EMP10602,Aditya Bajaj,25-Aug-1979,R&D,Formulation Development,"Executive, Formulation Development",E1,Baddi,14/01/2025,07-Apr-2025,07-04-2025,EMP10529,Active,,3 - Meets,Growth,Formulation Development | Patent Drafting | Method Validation | High Performance Liquid Chromatography,aditya.bajaj@example-pharma.test
EMP10077,Daksh Lanka,19-Jun-1985,Quality,QA Compliance,"Senior Executive, QA Compliance",Executive-I,Bengaluru,14-Feb-2018,27-Apr-2023,27-04-2023,EMP10024,Active,,3 - Meets,Ready for more,Deviation Management | Method Validation | C.A.P.A,daksh.lanka@example-pharma.test
EMP11176,Vansha Chandra,17-02-1977,Corporate,Finance,"Head of Finance, Ahmedabad",Manager-I,Ahmedabad,16/05/2020,19/05/2021,19-May-2021,EMP11170,Active,,4 - Exceeds,P2,Talent Management | IT Infrastructure | Financial Planning & Analysis | Contract Law,vansha.chandra@example-pharma.test
EMP10239,  HIRAL SAMI ,26-01-1983,Quality,QC Analytical,"Executive, QC Analytical",E1,Ahmedabad,23-Jul-2023,2026-03-10,2023-07-23,EMP10046,Active,,4 - Exceeds,P1,Batch Record Review | Stability Studies | capa closure | CSV,hiral.sami@example-pharma.test
EMP10178,Bhavya Murty,17/03/1982,Quality,QA Compliance,"Executive, QA Compliance",E1,Baddi,07-09-2013,27-May-2020,2013-09-07,EMP10042,Active,,5 - Outstanding,Well placed,GMP Auditing | Method Validation | CSV,bhavya.murty@example-pharma.test
EMP11122,Gayathri Thaker,1985-03-04,Commercial,Sales,"Executive, Sales",E1,Bengaluru,2020-08-31,2024-08-20,2024-08-20,EMP11059,Active,,4 - Exceeds,P1,Pricing Strategy | Brand Strategy | Tender Management | Market Access,gayathri.thaker@example-pharma.test
EMP10072,  FALAK BANIK ,07-08-1986,Quality,Quality Systems,"Senior Executive, Quality Systems",E2,Bengaluru,2023-08-28,27-May-2024,28-Aug-2023,EMP10019,Active,,3 - Meets,Growth,Deviation Management | Method Validation | hplc analysis,falak.banik@example-pharma.test
EMP10468,Lekha Jayaraman,01-Oct-1978,Manufacturing,OSD Production,"Executive, OSD Production",E1,pune,2018-03-15,15-05-2021,15-Mar-2018,EMP10306,Active,,3 - Meets,Well placed,Equipment Qualification | Granulation | GMP Auditing | Lean Manufacturing,lekha.jayaraman@example-pharma.test
EMP10571,Chandani Hayer,23-10-1979,R&D,Process Chemistry,"Executive, Process Chemistry",E1,Bengaluru,11-Apr-2017,17/05/2024,17/05/2024,EMP10534,Active,,5 - Outstanding,Ready for more,Patent Drafting | Design of Experiments | Method Validation | HPLC method dev,chandani.hayer@example-pharma.test
EMP11156,Aryan Chanda,24-Jun-1982,Commercial,Sales,"Executive, Sales",E1,Bengaluru,26-Jun-2025,20-12-2025,26-Jun-2025,EMP11075,Active,,5 - Outstanding,Well placed,Key Account Management | Pricing Strategy,aryan.chanda@example-pharma.test
EMP10441,  ODIKA PILLAY ,11/08/1979,Manufacturing,Packaging,"Executive, Packaging",E1,Baddi,24-Mar-2023,13-12-2024,13-12-2024,EMP10334,Active,,3 - Meets,Ready for more,Lean Manufacturing | Shop Floor Scheduling | Tech Transfer | Aseptic Processing,odika.pillay@example-pharma.test
EMP10234,Ekansh Pant,23/08/1983,Quality,Validation,"Executive, Validation",E1,Hyderabad,16/11/2023,13-Jul-2024,2024-07-13,EMP10104,Active,,4 - Exceeds,P2,GMP audits | Method Validation | Deviation Management,ekansh.pant@example-pharma.test
EMP11103,Nachiket Soni,21-Feb-1985,Commercial,Sales,"Executive, Sales",Executive-II,bengaluru,21-02-2025,2026-03-15,2026-03-15,EMP11068,Active,,3 - Meets,Growth,Pricing Strategy | Brand Strategy | CRM Analytics | Tender Management,nachiket.soni@example-pharma.test
EMP10060,Henry Bansal,07/09/1988,Quality,QA Compliance,"Senior Executive, QA Compliance",Executive-I,Hyderabad,2024-10-25,20-May-2025,20-05-2025,EMP10037,Active,,3 - Meets,Growth,GMP audits | Deviation Management | CSV (21 CFR Part 11) | High Performance Liquid Chromatography,henry.bansal@example-pharma.test
EMP10154,Dayamai Zachariah,02/01/1986,Quality,Validation,"Executive, Validation",E1,Hyderabad,14-07-2019,20/01/2023,20-Jan-2023,EMP10087,Active,,5 - Outstanding,Growth,capa closure | HPLC | Stability Studies,dayamai.zachariah@example-pharma.test
EMP10878,Nicholas Bal,14/08/1983,Clinical,Pharmacovigilance,"Executive, Pharmacovigilance",E1,Hyderabad,2015-03-01,22-01-2022,22/01/2022,EMP10848,Active,,2 - Partially Meets,P2,Medical Writing | GCP Auditing | Clinical Trial Management,nicholas.bal@example-pharma.test
EMP11140,Noah Mander,06-Jun-1979,Commercial,Marketing,"Executive, Marketing",E1,Bengaluru,17-05-2014,27-Oct-2025,27/10/2025,EMP11086,Active,,4 - Exceeds,Growth,Brand Strategy | Pricing Strategy,noah.mander@example-pharma.test
EMP30000,Yatin Master,1980-01-26,Manufacturing,Sterile Fill-Finish,"Executive, Sterile Fill-Finish",E1,Pune,2024-08-01,02/11/2024,01-08-2024,EMP10327,Exited,2025-10-23,2 - Partially Meets,Well placed,Tech Transfer | Lean Manufacturing,yatin.master@example-pharma.test
EMP30001,Yatan Sama,07/01/1985,Commercial,Marketing,"Executive, Marketing",E1,Pune,29-Jan-2018,18-11-2025,29/01/2018,EMP11071,Exited,2026-03-13,5 - Outstanding,Well placed,Market Access | CRM Analytics | Brand Strategy,yatan.sama@example-pharma.test
EMP30002,Samar Bala,06-04-1989,Quality,QA Compliance,"Executive, QA Compliance",E1,Visakhapatnam,2015-08-12,28-Nov-2022,2022-11-28,EMP10105,Exited,2025-12-18,4 - Exceeds,Well placed,Method Validation | C.A.P.A,samar.bala@example-pharma.test
EMP30003,Zilmil Kadakia,1998-10-19,Manufacturing,Engineering,"Senior Executive, Engineering",E2,Pune,2012-06-30,14/01/2021,14/01/2021,EMP10300,Exited,2026-02-12,2 - Partially Meets,Growth,Lean Manufacturing | Granulation | GMP Auditing | Equipment Qualification,zilmil.kadakia@example-pharma.test
EMP30004,Vedhika Chacko,1994-10-24,R&D,Formulation Development,"Executive, Formulation Development",E1,Baddi,22/12/2016,27-11-2023,22-Dec-2016,EMP10543,Exited,2026-07-20,3 - Meets,Well placed,Scale-up | Design of Experiments | High Performance Liquid Chromatography,vedhika.chacko@example-pharma.test
EMP30005,Forum Kar,13-08-1988,Quality,Quality Systems,"Executive, Quality Systems",E1,Bengaluru,30/01/2025,27-07-2025,27-Jul-2025,EMP10057,Exited,2026-01-08,3 - Meets,Well placed,GMP Auditing | Deviation Management | Computer System Validation,forum.kar@example-pharma.test
EMP30006,Jyoti Oak,1981-10-28,Supply Chain,Planning,"Executive, Planning",E1,Ahmedabad,03/05/2012,01-Aug-2021,01/08/2021,EMP10951,Exited,2026-02-11,4 - Exceeds,Well placed,SAP MM | Inventory Optimisation,jyoti.oak@example-pharma.test
EMP30007,Ranveer Rajagopal,1988-02-16,Commercial,Sales,"Executive, Sales",E1,Bengaluru,31-Mar-2016,21-01-2021,21-Jan-2021,EMP11068,Exited,2026-09-03,1 - Below,Well placed,CRM Analytics | Market Access | Pricing Strategy,ranveer.rajagopal@example-pharma.test
EMP30008,Omaja Doctor,10/05/1993,Quality,QA Compliance,"Executive, QA Compliance",E1,Baddi,29/08/2013,05-11-2021,2021-11-05,EMP10042,Exited,2026-08-07,3 - Meets,Well placed,GMP Auditing | Method Validation | CSV,omaja.doctor@example-pharma.test
EMP30009,Ikbal Modi,14-10-1986,R&D,Formulation Development,"Executive, Formulation Development",Executive-II,Pune,27-12-2015,2023-12-19,27-12-2015,EMP10536,Exited,2026-05-21,3 - Meets,Well placed,Patent Drafting | Design of Experiments | Scale-up | HPLC,ikbal.modi@example-pharma.test
EMP30010,Dalbir Mahajan,04-Jun-1990,Commercial,Marketing,"Executive, Marketing",E1,Pune,18-Aug-2012,21/12/2024,18-08-2012,EMP11071,Exited,2025-12-05,3 - Meets,Well placed,Brand Strategy | Pricing Strategy,dalbir.mahajan@example-pharma.test
EMP30011,Oscar Seshadri,11-Feb-1979,Manufacturing,Packaging,"Manager, Packaging",M3,Baddi,2021-03-17,08-May-2023,17-Mar-2021,EMP10279,Exited,2025-10-11,4 - Exceeds,Well placed,Tech Transfer | Equipment Qualification | Granulation | Lean Manufacturing,oscar.seshadri@example-pharma.test
EMP30012,Falan Sabharwal,30/11/1983,Quality,Validation,"Executive, Validation",E1,Bengaluru,16-Jun-2023,18/05/2026,16-06-2023,EMP10059,Exited,2026-09-07,3 - Meets,Well placed,Stability Studies | hplc analysis | Computer System Validation | Method Validation,falan.sabharwal@example-pharma.test
EMP30013,Yagnesh Krishnamurthy,31-10-1982,Manufacturing,Sterile Fill-Finish,"Executive, Sterile Fill-Finish",E1,Visakhapatnam,11-Feb-2015,2021-09-05,11/02/2015,EMP10319,Exited,2026-03-13,5 - Outstanding,Well placed,Good Manufacturing Practice auditing | Shop Floor Scheduling,yagnesh.krishnamurthy@example-pharma.test
EMP30014,Nidra Dugar,27-10-1994,Commercial,Sales,"Manager, Sales",M3,Bengaluru,20-May-2020,14/01/2021,2020-05-20,EMP11036,Exited,2026-01-20,3 - Meets,Well placed,Tender Management | CRM Analytics | Market Access | Brand Strategy,nidra.dugar@example-pharma.test
EMP30015,Yuvraj Bhavsar,12/07/1981,Commercial,Marketing,"Executive, Marketing",E1,Visakhapatnam,2020-04-26,2020-10-24,26-Apr-2020,EMP11079,Exited,2026-09-15,3 - Meets,Well placed,Market Access | Pricing Strategy | Tender Management,yuvraj.bhavsar@example-pharma.test
EMP30016,Zashil Naik,22-Aug-1992,Supply Chain,Warehouse & Distribution,"Manager, Warehouse & Distribution",M3,Hyderabad,16-Jan-2012,20/11/2018,2018-11-20,EMP10927,Exited,2025-11-11,5 - Outstanding,Well placed,Cold Chain Logistics | Vendor Qualification | Serialisation | Inventory Optimisation,zashil.naik@example-pharma.test
EMP30017,Chakrika Vasa,26/08/1992,Manufacturing,OSD Production,"Senior Executive, OSD Production",E2,Hyderabad,27-Sep-2024,2024-12-31,2024-12-31,EMP10282,Exited,2025-10-28,3 - Meets,Growth,Equipment Qualification | Tech Transfer | GMP audits | Shop Floor Scheduling,chakrika.vasa@example-pharma.test
EMP30018,Tanish Aurora,05/07/1996,Commercial,Sales,"Manager, Sales",M3,Bengaluru,02-May-2012,26-09-2025,26/09/2025,EMP11036,Exited,2026-02-27,3 - Meets,Ready for more,Tender Management | Key Account Management | Pricing Strategy,tanish.aurora@example-pharma.test
EMP30019,Darpan Kuruvilla,28-01-1993,Corporate,Human Resources,"Executive, Human Resources",E1,Hyderabad,19-Apr-2024,2025-10-03,03/10/2025,EMP11200,Exited,2026-03-25,3 - Meets,Well placed,Contract Law | Talent Management,darpan.kuruvilla@example-pharma.test
EMP30020,Raagini Chandran,16-Dec-1982,Quality,QC Analytical,"Senior Executive, QC Analytical",E2,pune,20/07/2017,04/07/2025,20/07/2017,EMP10016,Exited,2025-10-03,1 - Below,Well placed,Method Validation | C.A.P.A | cGMP audit,raagini.chandran@example-pharma.test
EMP30021,Zarna Borde,1995-12-04,Commercial,Sales,"Senior Executive, Sales",E2,Bengaluru,08-Mar-2022,30-06-2022,2022-06-30,EMP11047,Exited,2026-07-15,3 - Meets,Well placed,Tender Management | Brand Strategy,zarna.borde@example-pharma.test
EMP30022,Jagdish Magar,19/02/1995,R&D,IP & Patents,"Manager, IP & Patents",M3,Ahmedabad,25-Jul-2024,2025-08-29,25/07/2024,EMP10510,Exited,2026-06-26,4 - Exceeds,Growth,Design of Experiments | Formulation Development | Patent Drafting | Scale-up,jagdish.magar@example-pharma.test
EMP30023,Balendra Sheth,26-Oct-1997,Manufacturing,Packaging,"Executive, Packaging",E1,Baddi,18-09-2024,11-Feb-2025,11-Feb-2025,EMP10334,Exited,2025-11-30,3 - Meets,Well placed,Lean Manufacturing | Shop Floor Scheduling | Tech Transfer | Aseptic Processing,balendra.sheth@example-pharma.test
EMP30024,Jagvi Ravel,23-08-1986,Regulatory,Regulatory CMC,"Senior Executive, Regulatory CMC",Executive-I,Ahmedabad,22-May-2021,05-Jul-2023,2021-05-22,EMP10694,Exited,2026-06-07,4 - Exceeds,Well placed,EU MDR | US FDA Liaison | ANDA filing,jagvi.ravel@example-pharma.test
EMP30025,Aadhya Gole,1997-03-24,Commercial,Sales,"Manager, Sales",M3,Bengaluru,05-11-2022,27-Jun-2023,05/11/2022,EMP11036,Exited,2025-11-05,3 - Meets,Well placed,Tender Management | CRM Analytics | Market Access | Brand Strategy,aadhya.gole@example-pharma.test
EMP30026,Aachal Kakar,09/01/2000,Supply Chain,Procurement,"Executive, Procurement",Executive-II,Pune,2014-02-24,2023-03-31,31-03-2023,EMP10945,Exited,2026-05-29,2 - Partially Meets,Well placed,Serialisation | S&OP / demand planning | Cold Chain Logistics | Inventory Optimisation,aachal.kakar@example-pharma.test
EMP30027,Hemangini Tella,04-04-1990,Quality,Validation,"Manager, Validation",M3,Hyderabad,22/12/2017,09-10-2021,09-10-2021,EMP10012,Exited,2026-06-20,4 - Exceeds,Well placed,Batch Record Review | Deviation Management | hplc analysis,hemangini.tella@example-pharma.test
EMP30028,Inaya Dada,25/07/1980,Commercial,Market Access,"Executive, Market Access",E1,Bengaluru,01-03-2021,12/01/2024,12-01-2024,EMP11065,Exited,2026-09-08,4 - Exceeds,Well placed,Brand Strategy | CRM Analytics,inaya.dada@example-pharma.test
EMP30029,Nidhi Padmanabhan,26-06-1996,Commercial,Sales,"Executive, Sales",E1,Bengaluru,10-Oct-2012,2019-05-30,30-May-2019,EMP11089,Exited,2025-11-23,4 - Exceeds,Well placed,CRM Analytics | Brand Strategy | Tender Management | Market Access,nidhi.padmanabhan@example-pharma.test
EMP30030,Michael Dhaliwal,01-06-1988,Supply Chain,Planning,"Executive, Planning",E1,Ahmedabad,12-04-2024,29-01-2025,29-01-2025,EMP10940,Exited,2025-12-12,5 - Outstanding,Well placed,SAP MM | Serialisation | S&OP / demand planning | Vendor Qualification,michael.dhaliwal@example-pharma.test
EMP30031,Bachittar Bala,28/05/1984,Commercial,Marketing,"Senior Executive, Marketing",E2,Bengaluru,03-07-2025,25-11-2025,25-11-2025,EMP11058,Exited,2026-03-06,3 - Meets,Well placed,CRM Analytics | Pricing Strategy,bachittar.bala@example-pharma.test
EMP30032,Baghyawati Choudhary,27-Sep-2001,Regulatory,Regulatory Operations,"Executive, Regulatory Operations",E1,Mumbai,26-11-2013,2023-03-10,10-03-2023,EMP10706,Exited,2026-05-14,3 - Meets,Well placed,Labelling Compliance | US FDA Liaison | eCTD Publishing,baghyawati.choudhary@example-pharma.test
EMP30033,Yamini Chahal,01/06/1989,Manufacturing,Engineering,"Executive, Engineering",E1,Hyderabad,2021-09-04,07/11/2022,07/11/2022,EMP10331,Exited,2026-03-14,3 - Meets,Well placed,Lean Manufacturing | Aseptic Processing | Granulation,yamini.chahal@example-pharma.test
EMP30034,Ucchal Thaman,12-Oct-1986,Regulatory,Regulatory CMC,"Executive, Regulatory CMC",E1,Baddi,24-Jan-2016,13-01-2019,24/01/2016,EMP10712,Exited,2025-11-24,5 - Outstanding,Well placed,eCTD Publishing | EU MDR | Labelling Compliance,ucchal.thaman@example-pharma.test
EMP30035,Utkarsh Dua,05/02/1999,Commercial,Sales,"Senior Executive, Sales",E2,Bengaluru,30-Aug-2013,2023-05-04,04-May-2023,EMP11047,Exited,2025-11-03,3 - Meets,Well placed,Tender Management | Brand Strategy,utkarsh.dua@example-pharma.test
EMP30036,Ekapad Keer,18-Mar-2000,Commercial,Market Access,"Executive, Market Access",E1,Bengaluru,10-06-2022,03/08/2023,03-Aug-2023,EMP11082,Exited,2026-08-05,3 - Meets,Well placed,CRM Analytics | Brand Strategy,ekapad.keer@example-pharma.test
EMP30037,Yash Garde,01-Feb-1988,R&D,Analytical R&D,"Executive, Analytical R&D",E1,Mumbai,16-04-2012,2021-09-21,21/09/2021,EMP10531,Exited,2025-10-15,3 - Meets,Well placed,Design of Experiments | Method Validation | Scale-up,yash.garde@example-pharma.test
EMP30038,Priya Chandra,02-Jun-1991,Supply Chain,Procurement,"Executive, Procurement",E1,Ahmedabad,2017-11-19,16/04/2021,16/04/2021,EMP10947,Exited,2026-08-13,3 - Meets,Growth,Vendor Qualification | S&OP / demand planning | Serialisation,priya.chandra@example-pharma.test
EMP30039,Nidhi Kala,02-Jul-2002,R&D,Analytical R&D,"Senior Executive, Analytical R&D",E2,Mumbai,03-Mar-2025,30-Jun-2025,30/06/2025,EMP10526,Exited,2026-06-26,3 - Meets,Well placed,Formulation Development | HPLC,nidhi.kala@example-pharma.test
EMP30040,Vedant Ghose,22-Mar-1985,Regulatory,Labelling,"Senior Executive, Labelling",E2,Hyderabad,11-04-2014,14-08-2020,11-Apr-2014,EMP10699,Exited,2026-04-02,3 - Meets,Well placed,ANDA filing | US FDA Liaison | eCTD Publishing,vedant.ghose@example-pharma.test
EMP30041,Daksha Kalla,03/06/1992,Manufacturing,Packaging,"Senior Executive, Packaging",E2,Visakhapatnam,2025-03-16,17-Oct-2025,16-03-2025,EMP10301,Exited,2026-04-10,4 - Exceeds,Well placed,Equipment Qualification | Shop Floor Scheduling,daksha.kalla@example-pharma.test
EMP30042,Nisha Raja,14-Oct-1990,Commercial,Marketing,"Executive, Marketing",E1,Pune,27/02/2020,27-Sep-2020,27/09/2020,EMP11071,Exited,2026-04-15,5 - Outstanding,Well placed,Market Access | CRM Analytics | Brand Strategy,nisha.raja@example-pharma.test
EMP30043,Jeet Keer,23-Jun-2001,R&D,Formulation Development,"Executive, Formulation Development",E1,Baddi,09-03-2012,30-Jan-2021,2021-01-30,EMP10559,Exited,2026-05-21,2 - Partially Meets,Well placed,Formulation Development | Method Validation | Scale-up | HPLC,jeet.keer@example-pharma.test
EMP30044,Ayaan Sankar,30-May-2002,Quality,QA Compliance,"Executive, QA Compliance",E1,Bengaluru,29/06/2022,24/03/2023,24/03/2023,EMP10077,Exited,2026-07-05,3 - Meets,Well placed,cGMP audit | Deviation Management,ayaan.sankar@example-pharma.test
EMP30045,Hemal Anne,07/09/1981,Commercial,Market Access,"Executive, Market Access",E1,Bengaluru,28-08-2014,12-Jul-2019,12-Jul-2019,EMP11065,Exited,2025-12-08,4 - Exceeds,Well placed,CRM Analytics | Pricing Strategy | Tender Management,hemal.anne@example-pharma.test
EMP30046,Krishna Chanda,1997-06-11,Manufacturing,Engineering,"Executive, Engineering",E1,Hyderabad,10-Nov-2013,22-Jun-2022,2022-06-22,EMP10331,Exited,2026-03-19,3 - Meets,Well placed,Lean Manufacturing | Aseptic Processing | Granulation,krishna.chanda@example-pharma.test
EMP30047,Damini Bhatti,29/01/1993,Quality,QC Analytical,"Executive, QC Analytical",E1,pune,21/10/2022,27-Oct-2023,21/10/2022,EMP10056,Exited,2026-07-02,4 - Exceeds,Well placed,Stability Studies | CSV (21 CFR Part 11),damini.bhatti@example-pharma.test
EMP30048,Henry Sridhar,23/08/1985,Quality,Validation,"Executive, Validation",E1,Hyderabad,2025-12-25,05/01/2026,2026-01-05,EMP10087,Exited,2026-06-30,5 - Outstanding,Growth,capa closure | HPLC | Stability Studies,henry.sridhar@example-pharma.test
EMP30049,Wakeeta Bahri,17-Feb-1991,Manufacturing,Sterile Fill-Finish,"Executive, Sterile Fill-Finish",E1,Pune,27-Dec-2024,2025-08-05,05-08-2025,EMP10327,Exited,2026-04-02,2 - Partially Meets,Well placed,Granulation | Lean Manufacturing | Tech Transfer | Shop Floor Scheduling,wakeeta.bahri@example-pharma.test
EMP30050,Laksh Lalla,31-08-1994,Commercial,Marketing,"Executive, Marketing",E1,Visakhapatnam,11/12/2024,31-Jul-2025,2025-07-31,EMP11079,Exited,2026-03-08,3 - Meets,Ready for more,Market Access | Brand Strategy,laksh.lalla@example-pharma.test
EMP30051,Chandani Dhar,09/09/1998,Corporate,IT,"Senior Executive, IT",E2,Bengaluru,23-Feb-2024,19/05/2024,23/02/2024,EMP11190,Exited,2026-02-05,2 - Partially Meets,Well placed,Data Privacy | Talent Management | SAP FICO,chandani.dhar@example-pharma.test
EMP30052,Umang Tella,18/06/1979,R&D,Analytical R&D,"Executive, Analytical R&D",E1,Mumbai,21/12/2025,16-Jan-2026,2026-01-16,EMP10531,Exited,2026-08-10,3 - Meets,Well placed,Formulation Development | Design of Experiments | Method Validation | High Performance Liquid Chromatography,umang.tella@example-pharma.test
EMP30053,Chaman Srinivasan,26-Dec-1994,Commercial,Marketing,"Senior Executive, Marketing",E2,Bengaluru,13/02/2025,2025-05-21,13/02/2025,EMP11058,Exited,2026-04-24,3 - Meets,Well placed,CRM Analytics | Pricing Strategy,chaman.srinivasan@example-pharma.test
EMP30054,Chakrika Rama,29-Jul-1994,Commercial,Sales,"Executive, Sales",E1,Bengaluru,18/07/2015,20/08/2022,18/07/2015,EMP11059,Exited,2026-08-07,3 - Meets,Well placed,Pricing Strategy | Brand Strategy | Tender Management | Market Access,chakrika.rama@example-pharma.test
EMP30055,Nathan Muni,14-Aug-1979,Regulatory,Regulatory Operations,"Executive, Regulatory Operations",E1,hyderabad,27-Jun-2024,2025-10-30,2025-10-30,EMP10730,Exited,2026-03-15,3 - Meets,Ready for more,EU MDR | Labelling Compliance | eCTD Publishing | US FDA Liaison,nathan.muni@example-pharma.test
EMP30056,Darika Balay,22/04/1993,Manufacturing,Sterile Fill-Finish,"Senior Executive, Sterile Fill-Finish",E2,Visakhapatnam,07-May-2025,2025-12-13,07/05/2025,EMP10298,Exited,2026-09-07,3 - Meets,Well placed,Aseptic Processing | Equipment Qualification | Shop Floor Scheduling,darika.balay@example-pharma.test
EMP30057,Darsh Bhavsar,30-Jan-1984,Clinical,Clinical Operations,"Senior Executive, Clinical Operations",E2,Visakhapatnam,2013-07-12,22-Oct-2022,22/10/2022,EMP10818,Exited,2026-08-26,3 - Meets,Well placed,Medical Writing | Protocol Design,darsh.bhavsar@example-pharma.test
EMP30058,Prisha Raja,02-Oct-1977,Commercial,Market Access,"Executive, Market Access",E1,Visakhapatnam,27-Jul-2024,20/06/2025,20-06-2025,EMP11082,Exited,2025-10-14,3 - Meets,Well placed,Market Access | Key Account Management,prisha.raja@example-pharma.test
EMP30059,Anamika Sethi,14-07-2000,Commercial,Sales,"Executive, Sales",E1,Bengaluru,20/09/2024,29/10/2024,20-09-2024,EMP11089,Exited,2025-12-24,3 - Meets,Well placed,CRM Analytics | Brand Strategy | Tender Management | Market Access,anamika.sethi@example-pharma.test
EMP30060,Arya Raju,26-Sep-1976,Quality,Quality Systems,"Senior Executive, Quality Systems",E2,Bengaluru,24-05-2024,03-01-2025,03/01/2025,EMP10032,Exited,2026-03-28,4 - Exceeds,Well placed,Method Validation | HPLC method dev,arya.raju@example-pharma.test
EMP30061,Amruta Johal,1978-02-18,Supply Chain,Procurement,"Senior Executive, Procurement",E2,Ahmedabad,29-01-2025,16-Feb-2025,16-Feb-2025,EMP10930,Exited,2026-07-22,4 - Exceeds,Well placed,Cold Chain Logistics | SAP MM,amruta.johal@example-pharma.test
EMP30062,Sanaya Sama,24/01/2002,Quality,QA Compliance,"Executive, QA Compliance",E1,Bengaluru,2016-01-27,26-Apr-2023,2016-01-27,EMP10095,Exited,2026-08-09,3 - Meets,Well placed,Batch Record Review | HPLC,sanaya.sama@example-pharma.test
EMP30063,Om Dhingra,25/12/1984,Commercial,Sales,"Senior Executive, Sales",E2,Bengaluru,2025-04-16,14/08/2025,14/08/2025,EMP11047,Exited,2026-02-21,3 - Meets,Growth,Tender Management | Brand Strategy | Market Access | CRM Analytics,om.dhingra@example-pharma.test
EMP30064,Ubika Ray,1997-04-01,Commercial,Market Access,"Senior Executive, Market Access",E2,Bengaluru,19-Jun-2017,2021-03-07,07/03/2021,EMP11053,Exited,2026-01-16,4 - Exceeds,Well placed,Brand Strategy | Market Access | Tender Management,ubika.ray@example-pharma.test
EMP30065,Lipika Gola,1981-08-01,Quality,Validation,"Manager, Validation",M3,Hyderabad,26/02/2025,28/07/2025,2025-07-28,EMP10012,Exited,2025-12-07,4 - Exceeds,Well placed,Batch Record Review | Deviation Management | hplc analysis,lipika.gola@example-pharma.test
EMP30066,Brijesh Keer,30-Jan-1989,Clinical,Medical Affairs,"Executive, Medical Affairs",E1,Hyderabad,09-02-2017,28/05/2022,28-May-2022,EMP10834,Exited,2025-12-18,3 - Meets,Well placed,GCP Auditing | Signal Detection | Pharmaco-vigilance | Clinical Trial Management,brijesh.keer@example-pharma.test
EMP30067,Wakeeta Karnik,26/01/1984,R&D,Process Chemistry,"Manager, Process Chemistry",M3,Bengaluru,2017-02-20,10/08/2024,2017-02-20,EMP10506,Exited,2026-04-21,3 - Meets,Well placed,hplc analysis | Process Chemistry | Design of Experiments | Patent Drafting,wakeeta.karnik@example-pharma.test
EMP30068,Chandresh Char,1987-06-17,Manufacturing,OSD Production,"Executive, OSD Production",Executive-II,Pune,25-Dec-2020,01-10-2022,01-10-2022,EMP10325,Exited,2026-09-14,3 - Meets,Well placed,Tech Transfer | Granulation | GMP Auditing,chandresh.char@example-pharma.test
EMP30069,Balendra Hayer,04-Mar-1981,Supply Chain,Procurement,"Executive, Procurement",E1,Baddi,2015-12-31,28-02-2023,28-02-2023,EMP10936,Exited,2026-09-12,4 - Exceeds,Well placed,Serialisation | Inventory Optimisation,balendra.hayer@example-pharma.test
EMP30070,Wriddhish Issac,1982-04-19,Commercial,Sales,"Executive, Sales",Executive-II,Bengaluru,19-08-2021,26-07-2025,2025-07-26,EMP11084,Exited,2026-07-17,3 - Meets,Well placed,Key Account Management | CRM Analytics,wriddhish.issac@example-pharma.test
EMP30071,Indira Bhalla,1985-04-17,Manufacturing,Packaging,"Senior Executive, Packaging",Executive-I,Baddi,27/07/2021,2022-11-10,27/07/2021,EMP10290,Exited,2026-03-05,2 - Partially Meets,Well placed,Lean Manufacturing | Equipment Qualification,indira.bhalla@example-pharma.test
